,观点,情感倾向,具体观点,评论原文,token数,推理时间
0,味道好,正面,塔可味道还可以，如果吃辣的话,- 鸡肉帕尼尼太咸啦，而且很小，我觉得不值这个价塔可味道还可以，如果吃辣的话蛋挞倒是挺好吃,1455,6.949235916
1,牛蛙味道辣,中性,牛蛙泰酷辣,- 牛蛙泰酷辣,1403,7.14881587
2,牛蛙有骨头,负面,谁家塔可吐骨头啊,- 谁家塔可吐骨头啊,1406,9.278687954
3,牛蛙肉量少,负面,塔可的肉很小,- 塔可的肉很小，且厚，咬起来有声响,1416,9.332313061
4,牛蛙肉质硬,负面,且厚，咬起来有声响,- 塔可的肉很小，且厚，咬起来有声响,1416,9.332313061
5,综合评价好,正面,牛蛙塔可 很OK,- 牛蛙塔可 很OK 孩子很喜欢 下次还来吃,1417,4.469134092
6,牛蛙有骨头,负面,牛蛙塔可里面的牛蛙为什么不去骨啊,- 牛蛙塔可里面的牛蛙为什么不去骨啊,1418,5.978162766
7,牛蛙新鲜度差,负面,牛蛙还是生的……,- 牛蛙还是生的……,1401,6.511026859
8,综合评价好,正面,牛蛙塔可很好吃,- 牛蛙塔可很好吃,1404,6.175352097
9,鸡排炸得过度,负面,塔克炸过了,- 塔克炸过了，整个又干又硬,1412,9.151070118
10,鸡排口感硬,负面,整个又干又硬,- 塔克炸过了，整个又干又硬,1412,9.151070118
11,综合评价好,正面,牛蛙塔可还不错哦,- 牛蛙塔可还不错哦,1404,6.353506804
12,味道好,正面,新品牛蛙塔可味道很不错,- 新品牛蛙塔可味道很不错,1408,4.98613596
13,牛蛙肉质硬,负面,牛蛙肉里面生的,- 牛蛙肉里面生的，鸡翅里面生的，无语 [汗]丢了,1423,12.47365785
14,鸡排口感硬,负面,鸡翅里面生的,- 牛蛙肉里面生的，鸡翅里面生的，无语 [汗]丢了,1423,12.47365785
15,综合评价差,负面,无语 [汗]丢了,- 牛蛙肉里面生的，鸡翅里面生的，无语 [汗]丢了,1423,12.47365785
16,综合评价好,正面,塔可好好吃,- 塔可好好吃,1399,4.005587816
17,份量小,负面,塔可好小，没我巴掌大,- 塔可好小，没我巴掌大,1405,5.097016096
18,综合评价好,正面,塔可不错,- 塔可不错,1397,6.691638947
19,综合评价好,正面,新塔可好吃,- 新塔可好吃,1398,4.617904902
20,综合评价差,负面,难吃的要死，塔可和薯条都是冷的，堂食都这样，一下单就过来拿了，没想到还是凉的，就是白天没卖出去放了很久的，一点温度都没有，凉的，难吃还贵，还有人带宠物狗进来也不管，卫生不好，以后永远不会再来这家,- 难吃的要死，塔可和薯条都是冷的，堂食都这样，一下单就过来拿了，没想到还是凉的，就是白天没卖出去放了很久的，一点温度都没有，凉的，难吃还贵，还有人带宠物狗进来也不管，卫生不好，以后永远不会再来这家,1516,45.059659
21,整体冷/凉,负面,塔可和薯条都是冷的，堂食都这样，一下单就过来拿了，没想到还是凉的，就是白天没卖出去放了很久的，一点温度都没有，凉的,- 难吃的要死，塔可和薯条都是冷的，堂食都这样，一下单就过来拿了，没想到还是凉的，就是白天没卖出去放了很久的，一点温度都没有，凉的，难吃还贵，还有人带宠物狗进来也不管，卫生不好，以后永远不会再来这家,1516,45.059659
22,放置时间久,负面,就是白天没卖出去放了很久的,- 难吃的要死，塔可和薯条都是冷的，堂食都这样，一下单就过来拿了，没想到还是凉的，就是白天没卖出去放了很久的，一点温度都没有，凉的，难吃还贵，还有人带宠物狗进来也不管，卫生不好，以后永远不会再来这家,1516,45.059659
23,价格贵,负面,难吃还贵,- 难吃的要死，塔可和薯条都是冷的，堂食都这样，一下单就过来拿了，没想到还是凉的，就是白天没卖出去放了很久的，一点温度都没有，凉的，难吃还贵，还有人带宠物狗进来也不管，卫生不好，以后永远不会再来这家,1516,45.059659
24,不卫生,负面,还有人带宠物狗进来也不管，卫生不好,- 难吃的要死，塔可和薯条都是冷的，堂食都这样，一下单就过来拿了，没想到还是凉的，就是白天没卖出去放了很久的，一点温度都没有，凉的，难吃还贵，还有人带宠物狗进来也不管，卫生不好，以后永远不会再来这家,1516,45.059659
25,牛蛙肉质硬,负面,新品塔可牛蛙有点干,- 新品塔可牛蛙有点干，口感一般,1411,8.147304058
26,口感一般,中性,口感一般,- 新品塔可牛蛙有点干，口感一般,1411,8.147304058
27,综合评价好,正面,牛蛙塔可好吃,- 牛蛙塔可好吃,1402,6.368366003
28,综合评价一般,中性,这真的是牛蛙塔可吗！,- 这真的是牛蛙塔可吗！,1407,4.3714118
29,牛蛙味道好,正面,牛蛙挺好吃的,- 牛蛙挺好吃的,1402,4.579154968
30,综合评价好,正面,塔克很好吃,- 塔克很好吃,1401,4.664419889
31,综合评价好,正面,牛蛙塔可，好吃,- 牛蛙塔可，好吃,1403,4.435155869
32,综合评价好,正面,小姐姐小锅锅态度很好，包装也很好，赞赞赞,- 小姐姐小锅锅态度很好，包装也很好，赞赞赞，牛蛙塔可也好吃！,1435,18.35183311
33,味道好,正面,牛蛙塔可也好吃！,- 小姐姐小锅锅态度很好，包装也很好，赞赞赞，牛蛙塔可也好吃！,1435,18.35183311
34,包装精美,正面,包装也很好,- 小姐姐小锅锅态度很好，包装也很好，赞赞赞，牛蛙塔可也好吃！,1435,18.35183311
35,综合评价好,正面,新品牛蛙拼盘还不错,- 新品牛蛙拼盘还不错，就是太辣了,1413,7.795300722
36,牛蛙味道辣,负面,就是太辣了,- 新品牛蛙拼盘还不错，就是太辣了,1413,7.795300722
37,综合评价好,正面,小牛蛙，行啊，嘎嘎好吃,- 小牛蛙，行啊，嘎嘎好吃,1412,5.916619062
38,综合评价好,正面,牛蛙taco挺好吃的,- 牛蛙taco挺好吃的,1404,8.568893909
39,味道好,正面,刚上市的牛蛙塔可味道不错,- 刚上市的牛蛙塔可味道不错,1409,6.090202093
40,牛蛙肉质嫩,正面,牛蛙肉很嫩,- 牛蛙肉很嫩 好评,1407,10.04274392
41,综合评价好,正面,好评,- 牛蛙肉很嫩 好评,1407,10.04274392
42,综合评价一般,中性,牛蛙塔可，打卡,- 牛蛙塔可，打卡,1403,7.103466988
43,牛蛙味道好,正面,牛蛙很入味,- 牛蛙很入味,1401,5.670482874
44,综合评价好,正面,牛蛙塔可超好吃！,- 牛蛙塔可超好吃！鸡肉也很嫩！,1416,12.70535016
45,鸡排口感软,正面,鸡肉也很嫩！,- 牛蛙塔可超好吃！鸡肉也很嫩！,1416,12.70535016
46,出餐速度慢,负面,等待时间过长，其中塔可青年已经等待几十分钟,- 等待时间过长，其中塔可青年已经等待几十分钟，吮指原味鸡口感极其差吃了这么多年，没有吃过口感这么差,1449,6.367335796
47,份量小,负面,牛蛙塔可太小,- 牛蛙塔可太小，建议油炸改为烤制，外面再加一层饼。牛蛙需要去骨，不然吃起来不方便。,1449,21.155586
48,整体过分熟,负面,建议油炸改为烤制,- 牛蛙塔可太小，建议油炸改为烤制，外面再加一层饼。牛蛙需要去骨，不然吃起来不方便。,1449,21.155586
49,包装不方便,负面,外面再加一层饼,- 牛蛙塔可太小，建议油炸改为烤制，外面再加一层饼。牛蛙需要去骨，不然吃起来不方便。,1449,21.155586
50,牛蛙有骨头,负面,牛蛙需要去骨，不然吃起来不方便,- 牛蛙塔可太小，建议油炸改为烤制，外面再加一层饼。牛蛙需要去骨，不然吃起来不方便。,1449,21.155586
51,出餐速度慢,负面,等待时间过长,- 等待时间过长 塔可不太焦脆 可能是外带的原因,1420,13.39199829
52,鸡排酥脆度差,负面,塔可不太焦脆,- 等待时间过长 塔可不太焦脆 可能是外带的原因,1420,13.39199829
53,包装不方便,负面,可能是外带的原因,- 等待时间过长 塔可不太焦脆 可能是外带的原因,1420,13.39199829
54,综合评价好,正面,牛蛙塔可赞,- 牛蛙塔可赞 就是太小了 不够吃额 能不能做大一点 太小气了,1428,13.03192782
55,份量小,负面,就是太小了 不够吃额,- 牛蛙塔可赞 就是太小了 不够吃额 能不能做大一点 太小气了,1428,13.03192782
56,综合评价好,正面,新品塔可也非常好吃,- 来店里吃新品啦，桃湖公园店服务态度很好，店内环境干净整洁，新品塔可也非常好吃，鲜嫩多吃！！！开心滴周末！,1461,10.30407214
57,口感好,正面,鲜嫩多吃,- 来店里吃新品啦，桃湖公园店服务态度很好，店内环境干净整洁，新品塔可也非常好吃，鲜嫩多吃！！！开心滴周末！,1461,10.30407214
58,综合评价好,正面,非常棒，大青蛙腿塔可,- 非常棒，大青蛙腿塔可,1410,6.173301935
59,综合评价好,正面,牛蛙塔很棒,- 牛蛙塔很棒,1402,5.335860014
60,综合评价好,正面,服务态度很好,- 服务态度很好，新品牛蛙塔可味道不错,1414,9.611419201
61,牛蛙味道好,正面,新品牛蛙塔可味道不错,- 服务态度很好，新品牛蛙塔可味道不错,1414,9.611419201
62,份量小,负面,牛蛙朋克太小，太迷你,- 牛蛙朋克太小，太迷你,1409,5.228135824
63,综合评价好,正面,塔可挺好吃,- 辣翅有点偏咸，塔可挺好吃，特别喜欢那个牛蛙,1427,11.73980594
64,牛蛙味道好,正面,特别喜欢那个牛蛙,- 辣翅有点偏咸，塔可挺好吃，特别喜欢那个牛蛙,1427,11.73980594
65,商品漏配,负面,少了个塔可,- 少了个塔可,1398,5.937106133
66,商品漏配,负面,少了个塔可,- 少了个塔可,1398,3.989279985
67,综合评价好,正面,新品的牛蛙塔可真的超级超级好吃,- 新品的牛蛙塔可真的超级超级好吃。牛蛙脑袋满足。,1426,12.49971199
68,牛蛙味道好,正面,牛蛙脑袋满足,- 新品的牛蛙塔可真的超级超级好吃。牛蛙脑袋满足。,1426,12.49971199
69,综合评价差,负面,这个塔可不是很好吃,- 这个塔可不是很好吃……肉排不是很嫩，外皮有点硬，没有爆汁的感觉，有点干巴巴的，酱料建议再研究改改味道。,1461,20.85957193
70,鸡排口感硬,负面,肉排不是很嫩，外皮有点硬,- 这个塔可不是很好吃……肉排不是很嫩，外皮有点硬，没有爆汁的感觉，有点干巴巴的，酱料建议再研究改改味道。,1461,20.85957193
71,整体干/硬/焦,负面,没有爆汁的感觉，有点干巴巴的,- 这个塔可不是很好吃……肉排不是很嫩，外皮有点硬，没有爆汁的感觉，有点干巴巴的，酱料建议再研究改改味道。,1461,20.85957193
72,酱料味道一般,负面,酱料建议再研究改改味道,- 这个塔可不是很好吃……肉排不是很嫩，外皮有点硬，没有爆汁的感觉，有点干巴巴的，酱料建议再研究改改味道。,1461,20.85957193
73,综合评价差,负面,差评，超级塔克和青年塔克除了肉去他的都是冰的，包括虾也是冰的！,- 差评，超级塔克和青年塔克除了肉去他的都是冰的，包括虾也是冰的！,1433,18.52232194
74,整体冷/凉,负面,除了肉去他的都是冰的，包括虾也是冰的！,- 差评，超级塔克和青年塔克除了肉去他的都是冰的，包括虾也是冰的！,1433,18.52232194
75,综合评价好,正面,牛蛙塔可好吃,- 牛蛙塔可好吃,1402,5.896631002
76,综合评价好,正面,牛蛙塔克好吃,- 牛蛙塔克好吃,1403,4.138975143
77,整体冷/凉,负面,牛蛙塔克有点凉,- 牛蛙塔克有点凉，蛋挞以前吃的都是酥的有些膨胀，今天的像缩水了,1437,5.369090796
78,综合评价好,正面,超级好吃,- 超级好吃，牛蛙肉很大块,1411,9.981274843
79,牛蛙肉量多,正面,牛蛙肉很大块,- 超级好吃，牛蛙肉很大块,1411,9.981274843
80,出餐速度慢,负面,塔可等了很久，问还有多久能好，说不出具体时间，就说在做了,- 塔可等了很久，问还有多久能好，说不出具体时间，就说在做了,1424,6.151309967
81,综合评价差,负面,牛蛙塔克差点意思,- 牛蛙塔克差点意思,1405,8.187154055
82,份量小,负面,塔可太小了，两口就没了,- 塔可太小了，两口就没了，下次做大点,1412,6.164168835
83,牛蛙味道好,正面,牛蛙好吃,- 牛蛙好吃,1399,4.287831068
84,牛蛙味道辣,负面,牛蛙塔可太辣了,- 牛蛙塔可太辣了,1404,5.469578028
85,出餐速度慢,负面,由于塔克需要现炸，等待时间较长,- 0号服务员很热情，由于塔克需要现炸，等待时间较长，她让我先坐下，之后主动送餐到桌上。我很满意,1451,12.480762
86,综合评价好,正面,0号服务员很热情，她让我先坐下，之后主动送餐到桌上。我很满意,- 0号服务员很热情，由于塔克需要现炸，等待时间较长，她让我先坐下，之后主动送餐到桌上。我很满意,1451,12.480762
87,综合评价差,负面,低分是给汉堡和牛蛙塔可的,- 低分是给汉堡和牛蛙塔可的，黄金spa鸡排堡（藤椒味）的鸡排炸的太干了，一点湿度都没有，鸡肉特别的柴。牛蛙塔可的鸡肉也是炸的特别干，比鸡排堡的还要干，鸡肉也是特别柴，还特别的薄，也就一口肉，剩下吃的感觉全是裹的面粉炸出来的那种，牛蛙也特别小特别小一块。,1573,41.99339104
88,炸得干/硬/焦,负面,黄金spa鸡排堡（藤椒味）的鸡排炸的太干了，一点湿度都没有，鸡肉特别的柴。牛蛙塔可的鸡肉也是炸的特别干，比鸡排堡的还要干,- 低分是给汉堡和牛蛙塔可的，黄金spa鸡排堡（藤椒味）的鸡排炸的太干了，一点湿度都没有，鸡肉特别的柴。牛蛙塔可的鸡肉也是炸的特别干，比鸡排堡的还要干，鸡肉也是特别柴，还特别的薄，也就一口肉，剩下吃的感觉全是裹的面粉炸出来的那种，牛蛙也特别小特别小一块。,1573,41.99339104
89,鸡排口感硬,负面,鸡肉特别的柴,- 低分是给汉堡和牛蛙塔可的，黄金spa鸡排堡（藤椒味）的鸡排炸的太干了，一点湿度都没有，鸡肉特别的柴。牛蛙塔可的鸡肉也是炸的特别干，比鸡排堡的还要干，鸡肉也是特别柴，还特别的薄，也就一口肉，剩下吃的感觉全是裹的面粉炸出来的那种，牛蛙也特别小特别小一块。,1573,41.99339104
90,鸡排分量少,负面,鸡肉也是特别柴，还特别的薄，也就一口肉，剩下吃的感觉全是裹的面粉炸出来的那种,- 低分是给汉堡和牛蛙塔可的，黄金spa鸡排堡（藤椒味）的鸡排炸的太干了，一点湿度都没有，鸡肉特别的柴。牛蛙塔可的鸡肉也是炸的特别干，比鸡排堡的还要干，鸡肉也是特别柴，还特别的薄，也就一口肉，剩下吃的感觉全是裹的面粉炸出来的那种，牛蛙也特别小特别小一块。,1573,41.99339104
91,牛蛙肉量少,负面,牛蛙也特别小特别小一块,- 低分是给汉堡和牛蛙塔可的，黄金spa鸡排堡（藤椒味）的鸡排炸的太干了，一点湿度都没有，鸡肉特别的柴。牛蛙塔可的鸡肉也是炸的特别干，比鸡排堡的还要干，鸡肉也是特别柴，还特别的薄，也就一口肉，剩下吃的感觉全是裹的面粉炸出来的那种，牛蛙也特别小特别小一块。,1573,41.99339104
92,价格贵,负面,太贵，食物跟价值不匹配,- 太贵，食物跟价值不匹配！新品牛蛙不好吃！,1420,11.44555521
93,味道差,负面,新品牛蛙不好吃,- 太贵，食物跟价值不匹配！新品牛蛙不好吃！,1420,11.44555521
94,综合评价好,正面,尝试了新品牛蛙塔克，好吃,- 尝试了新品牛蛙塔克，好吃,1410,7.511774778
95,综合评价好,正面,塔可很好吃,- 小刘很贴心，塔可很好吃，小刘能裹粉加油！下次还想吃小刘做的take,1436,4.839580059
96,出餐速度慢,负面,因为一直没有人做塔可，导致等餐等了快半小时,- 在柜台点了塔可双人餐，因为一直没有人做塔可，导致等餐等了快半小时，取餐叫到270多号，旁边215的人还在等塔可，然后一直催，才开始有人做塔可。好歹均衡一下汉堡、塔可和其他东西的出餐顺序,1506,6.878246069
97,牛蛙味道好,正面,牛蛙口味不错,- 牛蛙口味不错,1401,5.483420134
98,牛蛙味道好,正面,牛蛙口味不错,- 牛蛙口味不错,1401,5.972775936
99,综合评价好,正面,满意，新品牛蛙塔克味道不错,- 满意，新品牛蛙塔克味道不错,1412,10.04792905
100,味道好,正面,新品牛蛙塔克味道不错,- 满意，新品牛蛙塔克味道不错,1412,10.04792905
101,牛蛙味道好,正面,牛蛙赞,- 牛蛙赞,1398,4.755037069
102,牛蛙味道好,正面,牛蛙好吃,- 牛蛙好吃,1399,6.403139114
103,综合评价好,正面,牛蛙塔可好吃,- 牛蛙塔可好吃,1402,5.083593369
104,牛蛙肉量少,负面,牛蛙塔可只有两小块儿牛蛙肉,- 小龙虾塔可只有两个小龙虾，牛蛙塔可只有两小块儿牛蛙肉，还有骨头,1441,9.417953968
105,牛蛙有骨头,负面,还有骨头,- 小龙虾塔可只有两个小龙虾，牛蛙塔可只有两小块儿牛蛙肉，还有骨头,1441,9.417953968
106,牛蛙有骨头,负面,塔克的牛蛙骨头真的不要那么多谢谢,- 塔克的牛蛙骨头真的不要那么多谢谢,1418,8.191949129
107,牛蛙肉量多,正面,牛蛙挺大啊,- 牛蛙挺大啊,1401,5.898570061
108,份量小,负面,牛蛙塔可太太太小了，怎么会这么小还没巴掌大,- 牛蛙塔可太太太小了，怎么会这么小还没巴掌大？这么小一个14块？？,1431,13.03056288
109,价格贵,负面,这么小一个14块,- 牛蛙塔可太太太小了，怎么会这么小还没巴掌大？这么小一个14块？？,1431,13.03056288
110,牛蛙肉质嫩,正面,牛蛙肉很软,- 牛蛙肉很软，就是太辣了,1409,9.648880959
111,牛蛙味道辣,负面,就是太辣了,- 牛蛙肉很软，就是太辣了,1409,9.648880959
112,出餐速度慢,负面,结果等到我半个小后到店里了才跟我说生椰卷没了,- 太过分了！我点了一份买一送一的生椰卷和一份牛蛙塔可～结果等到我半个小后到店里了才跟我说生椰卷没了？？？？没了系统为什么还能点？？？？然后我的塔可也不知道给我放货柜保温～我吃的时候都凉了！！！！还要我整单退款我重点！浪费我时间精力给我增加工作量！！！！简直欺人太甚岂有此理！太过分了！这让我很不愉快！,1565,20.14062405
113,商品售罄,负面,生椰卷没了,- 太过分了！我点了一份买一送一的生椰卷和一份牛蛙塔可～结果等到我半个小后到店里了才跟我说生椰卷没了？？？？没了系统为什么还能点？？？？然后我的塔可也不知道给我放货柜保温～我吃的时候都凉了！！！！还要我整单退款我重点！浪费我时间精力给我增加工作量！！！！简直欺人太甚岂有此理！太过分了！这让我很不愉快！,1565,20.14062405
114,放置时间久,负面,我的塔可也不知道给我放货柜保温,- 太过分了！我点了一份买一送一的生椰卷和一份牛蛙塔可～结果等到我半个小后到店里了才跟我说生椰卷没了？？？？没了系统为什么还能点？？？？然后我的塔可也不知道给我放货柜保温～我吃的时候都凉了！！！！还要我整单退款我重点！浪费我时间精力给我增加工作量！！！！简直欺人太甚岂有此理！太过分了！这让我很不愉快！,1565,20.14062405
115,整体冷/凉,负面,我吃的时候都凉了,- 太过分了！我点了一份买一送一的生椰卷和一份牛蛙塔可～结果等到我半个小后到店里了才跟我说生椰卷没了？？？？没了系统为什么还能点？？？？然后我的塔可也不知道给我放货柜保温～我吃的时候都凉了！！！！还要我整单退款我重点！浪费我时间精力给我增加工作量！！！！简直欺人太甚岂有此理！太过分了！这让我很不愉快！,1565,20.14062405
116,综合评价差,负面,那什么玩意儿啊，鸡排那么小一块儿全是干巴的，牛蛙不知道放了多久都干了，垃圾，用券就给垃圾是吧,- 那什么玩意儿啊，鸡排那么小一块儿全是干巴的，牛蛙不知道放了多久都干了，垃圾，用券就给垃圾是吧,1465,34.98110795
117,鸡排分量少,负面,鸡排那么小一块儿,- 那什么玩意儿啊，鸡排那么小一块儿全是干巴的，牛蛙不知道放了多久都干了，垃圾，用券就给垃圾是吧,1465,34.98110795
118,鸡排炸得干/硬/焦,负面,鸡排那么小一块儿全是干巴的,- 那什么玩意儿啊，鸡排那么小一块儿全是干巴的，牛蛙不知道放了多久都干了，垃圾，用券就给垃圾是吧,1465,34.98110795
119,放置时间久,负面,牛蛙不知道放了多久都干了,- 那什么玩意儿啊，鸡排那么小一块儿全是干巴的，牛蛙不知道放了多久都干了，垃圾，用券就给垃圾是吧,1465,34.98110795
120,牛蛙肉质硬,负面,牛蛙不知道放了多久都干了,- 那什么玩意儿啊，鸡排那么小一块儿全是干巴的，牛蛙不知道放了多久都干了，垃圾，用券就给垃圾是吧,1465,34.98110795
121,味道好,正面,塔可好吃,- 塔可好吃,1398,3.853272915
122,综合评价好,正面,第一次吃牛蛙塔可，味道太赞了。店里大姐服务也很好，好评周末还会在来吃。,- 第一次吃牛蛙塔可，味道太赞了。店里大姐服务也很好，好评周末还会在来吃。,1436,10.77343392
123,味道好,正面,第一次吃牛蛙塔可，味道太赞了。,- 第一次吃牛蛙塔可，味道太赞了。店里大姐服务也很好，好评周末还会在来吃。,1436,10.77343392
124,商品漏配,负面,有一个塔克没放牛蛙,- 有一个塔克没放牛蛙,1405,6.781362772
125,牛蛙味道差,负面,牛蛙的这个镇的不好吃,- 牛蛙的这个镇的不好吃,1406,7.50519681
126,商品漏配,负面,才发现少了个牛蛙塔,- 吃了很多次KFC，以前基本没有核对餐品有没有齐，今天突然感觉不对，一看似乎少了一个一个东西。牛蛙塔第一次点，不知道长啥样，一开始还以为少了个香辣黄金鸡，后面去前台核实，才发现少了个牛蛙塔。。要不是脑子灵光一闪，还真就漏了这个塔塔，希望服务员以后认真点吧。这次仁慈一些，不差评了，下不为例。,1566,4.729882956
127,综合评价差,负面,塔克青年也太小了，还不如开个原味鸡。哎,- 塔克青年也太小了，还不如开个原味鸡。哎,1419,10.14356804
128,份量小,负面,塔克青年也太小了,- 塔克青年也太小了，还不如开个原味鸡。哎,1419,10.14356804
129,综合评价好,正面,塔克还行,- 塔克还行,1398,3.907742977
130,综合评价好,正面,新品塔可还是不错的,- 新品塔可还是不错的 就是有点小 但是这个价格值了,1415,12.35161304
131,份量小,负面,就是有点小,- 新品塔可还是不错的 就是有点小 但是这个价格值了,1415,12.35161304
132,价格适中,正面,但是这个价格值了,- 新品塔可还是不错的 就是有点小 但是这个价格值了,1415,12.35161304
133,综合评价好,正面,牛蛙塔可好吃,- 服务态度好。牛蛙塔可好吃。,1408,5.788122177
134,包装不方便,负面,塔克吃起来不方便,- 塔克吃起来不方便，可乐的口太小了喝不怎么到,1421,5.171859026
135,牛蛙味道好,正面,牛蛙好吃,- 牛蛙好吃,1399,6.540585041
136,味道好,正面,塔可很好吃,- 塔可很好吃,1400,4.501757145
137,商品错配,负面,牛蛙塔克的鸡排没有放鸡肉,- 牛蛙塔克的鸡排没有放鸡肉，干嚼生胶，难以下咽,1428,12.58666015
138,鸡排口感硬,负面,干嚼生胶，难以下咽,- 牛蛙塔克的鸡排没有放鸡肉，干嚼生胶，难以下咽,1428,12.58666015
139,综合评价好,正面,青蛙塔可好吃,- 青蛙塔可好吃,1403,8.303100824
140,综合评价差,负面,那个牛蛙什么，不是很好吃哎,- 那个牛蛙什么，不是很好吃哎，然后真的好小一个，也不是很好看,1429,11.31866908
141,份量小,负面,然后真的好小一个,- 那个牛蛙什么，不是很好吃哎，然后真的好小一个，也不是很好看,1429,11.31866908
142,包装简陋,负面,也不是很好看,- 那个牛蛙什么，不是很好吃哎，然后真的好小一个，也不是很好看,1429,11.31866908
143,综合评价好,正面,就很棒的牛蛙大腿,- 就很棒的牛蛙大腿,1407,7.904715061
144,综合评价差,负面,差评,- 差评，出餐速度太慢了，一个塔可等了20多分钟,1417,27.52029204
145,出餐速度慢,负面,出餐速度太慢了，一个塔可等了20多分钟,- 差评，出餐速度太慢了，一个塔可等了20多分钟,1417,27.52029204
146,综合评价差,负面,不满意，我点了4个塔克，打包带走，服务员一次性手套没给配，蕃茄酱也没给配，还一直让我好评。差评还差不多！,- 不满意，我点了4个塔克，打包带走，服务员一次性手套没给配，蕃茄酱也没给配，还一直让我好评。差评还差不多！,1456,16.83368802
147,商品漏配,负面,服务员一次性手套没给配，蕃茄酱也没给配,- 不满意，我点了4个塔克，打包带走，服务员一次性手套没给配，蕃茄酱也没给配，还一直让我好评。差评还差不多！,1456,16.83368802
148,牛蛙味道好,正面,牛蛙好吃,- 牛蛙好吃,1399,6.329385042
149,牛蛙有骨头,负面,牛蛙塔可里面的牛蛙居然还有骨头,- 牛蛙塔可里面的牛蛙居然还有骨头，而且一点都不好吃,1427,11.06761169
150,味道差,负面,而且一点都不好吃,- 牛蛙塔可里面的牛蛙居然还有骨头，而且一点都不好吃,1427,11.06761169
151,味道好,正面,牛蛙塔味道嘎嘎香,- 牛蛙塔味道嘎嘎香,1409,7.367809057
152,综合评价好,正面,牛蛙塔可好吃,- 牛蛙塔可好吃，主要是经理特,1409,5.934049129
153,综合评价好,正面,新品牛蛙塔可强烈推荐,- 新品牛蛙塔可强烈推荐,1409,6.450572968
154,综合评价好,正面,好评,- 好评  虽然差点就错过一个塔可了,1411,4.007399321
155,出餐速度慢,负面,从没等过这么久,- 从没等过这么久 塔可做的水准也不一样,1414,12.12495375
156,综合评价一般,中性,塔可做的水准也不一样,- 从没等过这么久 塔可做的水准也不一样,1414,12.12495375
157,整体冷/凉,负面,鸡米花是冷的,- 鸡米花是冷的，牛蛙的腥味没有避到，其他的不错,1422,15.67788601
158,牛蛙味道腥,负面,牛蛙的腥味没有避到,- 鸡米花是冷的，牛蛙的腥味没有避到，其他的不错,1422,15.67788601
159,综合评价好,正面,其他的不错,- 鸡米花是冷的，牛蛙的腥味没有避到，其他的不错,1422,15.67788601
160,综合评价差,负面,新出的塔可，我的评价是：一坨,- 新出的塔可，我的评价是：一坨,1406,5.905327082
161,味道好,正面,塔可好吃,- 塔可好吃,1398,3.3801229
162,味道好,正面,塔可真好吃,- 塔可真好吃,1399,3.714877129
163,综合评价好,正面,两星是给牛蛙塔可的很好吃,- 这个汉堡可以评上最难吃汉堡，像上周剩下的，干瘪的糊味的，又柴又老还没有酱，吃到最后才发现是有一滴沙拉酱的，两星是给牛蛙塔可的很好吃,1485,6.09523201
164,综合评价好,正面,牛蛙塔可很好吃，期待新品,- 牛蛙塔可很好吃，期待新品,1409,8.704633713
165,牛蛙味道好,正面,牛蛙真的很不错,- 牛蛙真的很不错,1402,5.825192928
166,综合评价一般,中性,牛蛙塔可还行,- 牛蛙塔可还行,1401,5.04480195
167,综合评价好,正面,新上的牛蛙塔可好好吃呀,- 新上的牛蛙塔可好好吃呀。,1408,6.662039042
168,商品漏配,负面,小龙虾塔可里为什么没有小龙虾？之前不都有吗，图片是也有啊,- 小龙虾塔可里为什么没有小龙虾？之前不都有吗，图片是也有啊,1426,6.930230856
169,整体冷/凉,负面,汉堡和塔可，鸡米花鸡翅都是凉的,- 汉堡和塔可，鸡米花鸡翅都是凉的,1418,6.139786959
170,综合评价好,正面,牛蛙报吃,- 牛蛙报吃,1399,5.226354122
171,综合评价一般,中性,新品牛蛙塔可评价一般,- 服务员和值班经理都很友善友好，细心发现顾客的潜在问题并给了很好的解决，新品牛蛙塔可评价一般，但是整体服务非常满意,1460,5.216629982
172,综合评价好,正面,塔克青年很好吃 个人觉得很赞,- 塔克青年很好吃 个人觉得很赞,1414,4.728576899
173,综合评价一般,中性,还是龙虾塔可好吃,- 还是龙虾塔可好吃,1404,6.294132233
174,牛蛙味道好,正面,牛蛙好,- 牛蛙好,1397,5.915240049
175,综合评价好,正面,新品塔可很不错,- 新品塔可很不错,1400,5.480562925
176,牛蛙有骨头,负面,我还以为牛蛙肉是去骨的，结果有骨头，这就像汉堡里带鸡骨头一样让人无法接受,- 咱们这个牛蛙taco，我还以为牛蛙肉是去骨的，结果有骨头，这就像汉堡里带鸡骨头一样让人无法接受，要么你们干脆就只卖牛蛙么，何必多此一举。,1485,21.28567696
177,综合评价差,负面,要么你们干脆就只卖牛蛙么，何必多此一举,- 咱们这个牛蛙taco，我还以为牛蛙肉是去骨的，结果有骨头，这就像汉堡里带鸡骨头一样让人无法接受，要么你们干脆就只卖牛蛙么，何必多此一举。,1485,21.28567696
178,牛蛙有骨头,负面,我还以为牛蛙肉是去骨的，结果有骨头，这就像汉堡里带鸡骨头一样让人无法接受,- 咱们这个牛蛙taco，我还以为牛蛙肉是去骨的，结果有骨头，这就像汉堡里带鸡骨头一样让人无法接受，要么你们干脆就只卖牛蛙么，何必多此一举。,1485,6.710147858
179,综合评价差,负面,牛蛙塔可很难吃,- 牛蛙塔可很难吃,1405,4.429016113
180,综合评价差,负面,下回不建议出青年版塔可了,- 下回不建议出青年版塔可了,1405,5.213105917
181,综合评价一般,中性,今天K了一下牛蛙塔可，还可以,- 今天K了一下牛蛙塔可，还可以,1409,7.955870152
182,综合评价好,正面,喜欢牛蛙塔可,- 喜欢牛蛙塔可和蛋挞,1410,7.119709969
183,综合评价好,正面,牛蛙塔可好吃,- 牛蛙塔可好吃,1402,4.541230917
184,综合评价好,正面,牛蛙塔可不错,- 牛蛙塔可不错,1401,4.889551878
185,牛蛙肉质硬,负面,牛蛙肉都干了,- 牛蛙肉都干了  鸡肉也是硬的,1413,14.61070275
186,鸡排口感硬,负面,鸡肉也是硬的,- 牛蛙肉都干了  鸡肉也是硬的,1413,14.61070275
187,综合评价好,正面,牛蛙塔可好吃,- 牛蛙塔可好吃,1402,5.955614805
188,综合评价好,正面,新出的牛蛙塔可好吃,- 新出的牛蛙塔可好吃,1405,5.431527853
189,综合评价差,负面,新出的牛蛙taco...不是太好吃,- 新出的牛蛙taco炸的太老了 咬不动 不是太好吃,1421,14.2395432
190,炸得干/硬/焦,负面,新出的牛蛙taco炸的太老了,- 新出的牛蛙taco炸的太老了 咬不动 不是太好吃,1421,14.2395432
191,口感差,负面,咬不动,- 新出的牛蛙taco炸的太老了 咬不动 不是太好吃,1421,14.2395432
192,牛蛙味道差,负面,牛蛙不好吃,- 牛蛙不好吃,1400,5.302892685
193,综合评价差,负面,新品牛蛙塔克，真的，有点难吃,- 新品牛蛙塔克，真的，有点难吃，牛蛙块儿小不说，鸡块偏硬，配料和酱，更是一言难尽，热辣鸡也是一如既往地又干又硬，新品试吃很失望,1489,26.33003283
194,牛蛙肉量少,负面,牛蛙块儿小不说,- 新品牛蛙塔克，真的，有点难吃，牛蛙块儿小不说，鸡块偏硬，配料和酱，更是一言难尽，热辣鸡也是一如既往地又干又硬，新品试吃很失望,1489,26.33003283
195,鸡排口感硬,负面,鸡块偏硬,- 新品牛蛙塔克，真的，有点难吃，牛蛙块儿小不说，鸡块偏硬，配料和酱，更是一言难尽，热辣鸡也是一如既往地又干又硬，新品试吃很失望,1489,26.33003283
196,酱料配比不合适,负面,配料和酱，更是一言难尽,- 新品牛蛙塔克，真的，有点难吃，牛蛙块儿小不说，鸡块偏硬，配料和酱，更是一言难尽，热辣鸡也是一如既往地又干又硬，新品试吃很失望,1489,26.33003283
197,炸得干/硬/焦,负面,热辣鸡也是一如既往地又干又硬,- 新品牛蛙塔克，真的，有点难吃，牛蛙块儿小不说，鸡块偏硬，配料和酱，更是一言难尽，热辣鸡也是一如既往地又干又硬，新品试吃很失望,1489,26.33003283
198,综合评价好,正面,牛蛙塔可，非常新奇,- 牛蛙塔可，非常新奇，牛蛙也很好吃，鸡排也很脆，就是太太太太小了点，14元感觉应该会很大的哈哈哈，多想了～,1464,27.21950626
199,牛蛙味道好,正面,牛蛙也很好吃,- 牛蛙塔可，非常新奇，牛蛙也很好吃，鸡排也很脆，就是太太太太小了点，14元感觉应该会很大的哈哈哈，多想了～,1464,27.21950626
200,鸡排酥脆度好,正面,鸡排也很脆,- 牛蛙塔可，非常新奇，牛蛙也很好吃，鸡排也很脆，就是太太太太小了点，14元感觉应该会很大的哈哈哈，多想了～,1464,27.21950626
201,份量小,负面,就是太太太太小了点,- 牛蛙塔可，非常新奇，牛蛙也很好吃，鸡排也很脆，就是太太太太小了点，14元感觉应该会很大的哈哈哈，多想了～,1464,27.21950626
202,价格贵,负面,14元感觉应该会很大的哈哈哈，多想了～,- 牛蛙塔可，非常新奇，牛蛙也很好吃，鸡排也很脆，就是太太太太小了点，14元感觉应该会很大的哈哈哈，多想了～,1464,27.21950626
203,牛蛙有骨头,负面,新塔克有骨头怪怪的,- 新塔克有骨头怪怪的，还是原来的好吃,1415,11.61187911
204,综合评价好,正面,还是原来的好吃,- 新塔克有骨头怪怪的，还是原来的好吃,1415,11.61187911
205,商品错配,负面,我买的是牛蛙塔可，可给的是小龙虾塔可,- 我买的是牛蛙塔可，可给的是小龙虾塔可,1418,8.608436108
206,份量小,负面,牛蛙塔可太小了,- 牛蛙塔可太小了，太贵了,1409,7.696988106
207,价格贵,负面,太贵了,- 牛蛙塔可太小了，太贵了,1409,7.696988106
208,牛蛙味道好,正面,牛蛙很棒,- 牛蛙很棒,1400,4.341146946
209,整体冷/凉,负面,两个taco，鸡排都是凉的,- 两个taco，鸡排都是凉的，非常影响口感,1414,9.472711086
210,口感差,负面,非常影响口感,- 两个taco，鸡排都是凉的，非常影响口感,1414,9.472711086
211,味道好,正面,塔可好吃,- 塔可好吃,1398,4.993347168
212,味道好,正面,塔克味道很赞,- 塔克味道很赞，蛋挞也绝绝子，服务员小姐姐也超级温柔可爱,1433,6.633015633
213,综合评价好,正面,塔克就是好吃,- 塔克就是好吃下次还来吃,1407,4.167124033
214,味道好,正面,旧塔可好吃,- 旧塔可好吃,1400,8.705681324
215,牛蛙味道好,正面,牛蛙味道不错呦,- 牛蛙味道不错呦,1403,3.981750011
216,牛蛙味道差,负面,牛蛙不好吃,- 牛蛙不好吃,1400,6.063510895
217,不卫生,负面,店里补蝇灯啥的得安排上，在旁边飞来飞去的,- 店里补蝇灯啥的得安排上，在旁边飞来飞去的；牛蛙塔可，牛蛙味道不错，鸡排没啥味；烤翅放置有点久，肉质偏硬,1472,20.20538187
218,牛蛙味道好,正面,牛蛙塔可，牛蛙味道不错,- 店里补蝇灯啥的得安排上，在旁边飞来飞去的；牛蛙塔可，牛蛙味道不错，鸡排没啥味；烤翅放置有点久，肉质偏硬,1472,20.20538187
219,鸡排口感硬,负面,鸡排没啥味,- 店里补蝇灯啥的得安排上，在旁边飞来飞去的；牛蛙塔可，牛蛙味道不错，鸡排没啥味；烤翅放置有点久，肉质偏硬,1472,20.20538187
220,放置时间久,负面,烤翅放置有点久，肉质偏硬,- 店里补蝇灯啥的得安排上，在旁边飞来飞去的；牛蛙塔可，牛蛙味道不错，鸡排没啥味；烤翅放置有点久，肉质偏硬,1472,20.20538187
221,综合评价好,正面,新品牛蛙不错,- 新品牛蛙不错,1400,4.569761992
222,综合评价好,正面,新品牛蛙不错,- 新品牛蛙不错,1400,4.279294968
223,牛蛙味道好,正面,牛蛙ok,- 牛蛙ok,1397,5.837630033
224,商品错配,负面,我点的塔可套餐里面的香骨鸡换成了大薯都不跟我说一声,- 我点的塔可套餐里面的香骨鸡换成了大薯都不跟我说一声,1429,10.59399891
225,综合评价好,正面,今天尝试了一下牛蛙塔可，非常好吃,- 今天尝试了一下牛蛙塔可，非常好吃，服务好，环境好，取餐快！下次再来,1434,13.09801221
226,出餐速度快,正面,取餐快,- 今天尝试了一下牛蛙塔可，非常好吃，服务好，环境好，取餐快！下次再来,1434,13.09801221
227,牛蛙肉质嫩,正面,牛蛙好嫩,- 牛蛙好嫩好好吃,1404,12.66629481
228,牛蛙味道好,正面,好好吃,- 牛蛙好嫩好好吃,1404,12.66629481
229,综合评价一般,中性,虾塔可比牛蛙塔可好吃点,- 虾塔可比牛蛙塔可好吃点,1410,8.273354053
230,综合评价好,正面,新品牛蛙塔可青年好吃,- 新品牛蛙塔可青年好吃。,1407,8.034742832
231,包装简陋,负面,为什么塔可不用塔可盒包装用小纸袋包装？还是外带！,- 为什么塔可不用塔可盒包装用小纸袋包装？还是外带！这才是推出第二天？我不打一二星不是代表我满意！,1448,16.31857824
232,综合评价一般,负面,这才是推出第二天？我不打一二星不是代表我满意！,- 为什么塔可不用塔可盒包装用小纸袋包装？还是外带！这才是推出第二天？我不打一二星不是代表我满意！,1448,16.31857824
233,综合评价好,正面,新产品牛蛙塔可很好吃,- 新产品牛蛙塔可很好吃，产品很新鲜,1414,10.84663606
234,食材新鲜,正面,产品很新鲜,- 新产品牛蛙塔可很好吃，产品很新鲜,1414,10.84663606
235,综合评价一般,中性,还是龙虾的塔可好吃,- 还是龙虾的塔可好吃，,1405,4.813442945
236,酱料味道好,正面,塔可里面放的什么酱！！！！好好吃！！！！！！！！！！,- 塔可里面放的什么酱！！！！好好吃！！！！！！！！！！,1416,5.587101936
237,综合评价好,正面,服务态度好,- 服务态度好。新品牛蛙好吃。,1407,10.16523409
238,牛蛙味道好,正面,新品牛蛙好吃,- 服务态度好。新品牛蛙好吃。,1407,10.16523409
239,味道好,正面,牛蛙塔可味道不错,- 牛蛙塔可味道不错,1404,5.779505014
240,商品错配,负面,淘宝拍的套餐与到店核销内容不符,- 淘宝拍的套餐与到店核销内容不符！牛蛙块没做的话请不要虚假售卖,1436,11.83117509
241,商品售罄,负面,牛蛙块没做的话请不要虚假售卖,- 淘宝拍的套餐与到店核销内容不符！牛蛙块没做的话请不要虚假售卖,1436,11.83117509
242,牛蛙味道差,负面,这牛蛙不好吃,- 这牛蛙不好吃,1402,6.289248943
243,综合评价好,正面,牛蛙塔可刚出锅，热的很好吃,- 牛蛙塔可刚出锅，热的很好吃,1414,13.48019791
244,整体热/温,正面,牛蛙塔可刚出锅，热的很,- 牛蛙塔可刚出锅，热的很好吃,1414,13.48019791
245,牛蛙味道好,正面,牛蛙好吃,- 牛蛙好吃,1399,9.408572197
246,综合评价好,正面,牛蛙塔克 好吃,- 牛蛙塔克 好吃,1405,5.113692045
247,综合评价好,正面,牛蛙塔颂好吃,- 牛蛙塔颂好吃，什么时候嫩牛五方能返场,1421,5.399693012
248,综合评价好,正面,牛蛙塔可好吃,- 牛蛙塔可好吃，晚点下架,1409,5.748685122
249,综合评价好,正面,好吃非常好吃，塔克很好吃,- 好吃非常好吃，塔克很好吃,1411,7.849381208
250,综合评价一般,中性,牛蛙塔可没有预想的那么好吃,- 牛蛙塔可没有预想的那么好吃，味道差强人意。,1420,10.28088188
251,味道一般,负面,味道差强人意,- 牛蛙塔可没有预想的那么好吃，味道差强人意。,1420,10.28088188
252,整体冷/凉,负面,塔可都凉了,- 塔可都凉了，我并没有耽误取餐时间，这品控如何能出品,1421,4.905478954
253,综合评价好,正面,牛蛙塔可太好吃了,- 牛蛙塔可太好吃了,1405,6.800273895
254,鸡排口感硬,负面,超级塔可的鸡排有点柴,- 青年塔可的鸡肉肥美多汁，但是超级塔可的鸡排有点柴,1427,5.655860901
255,味道差,负面,塔可好难吃,- 塔可好难吃,1400,5.875856876
256,综合评价好,正面,牛蛙塔可好吃！！！,- 牛蛙塔可好吃！！！,1404,5.293913126
257,牛蛙味道辣,负面,牛蛙太辣了,- 牛蛙太辣了,1401,5.655297995
258,鸡排炸得过度,负面,塔可的鸡肉炸的太老了,- 1塔可的鸡肉炸的太老了，2鸡肉是鸡肉，牛蛙是牛蛙，就不是一个组合3奥尔良烤翅干巴巴的，好像做好很久了保存在那里的,1478,11.60395384
259,商品错配,负面,鸡肉是鸡肉，牛蛙是牛蛙，就不是一个组合,- 1塔可的鸡肉炸的太老了，2鸡肉是鸡肉，牛蛙是牛蛙，就不是一个组合3奥尔良烤翅干巴巴的，好像做好很久了保存在那里的,1478,11.60395384
260,综合评价差,负面,牛蛙塔克太难吃了,- 牛蛙塔克太难吃了,1407,8.04145813
261,牛蛙味道辣,负面,塔克有点辣,- 塔克有点辣,1400,4.632119894
262,商品错配,负面,堂食给我的是外带的,- 堂食给我的是外带的，大小塔可外面的鸡排都皮了,1419,8.281289101
263,鸡排酥脆度差,负面,大小塔可外面的鸡排都皮了,- 堂食给我的是外带的，大小塔可外面的鸡排都皮了,1419,8.281289101
264,综合评价差,负面,塔可太难吃,- 服务没问题，塔可太难吃，凉了，咬不动，难吃,1420,16.83624506
265,整体冷/凉,负面,凉了,- 服务没问题，塔可太难吃，凉了，咬不动，难吃,1420,16.83624506
266,口感差,负面,咬不动,- 服务没问题，塔可太难吃，凉了，咬不动，难吃,1420,16.83624506
267,味道差,负面,难吃,- 服务没问题，塔可太难吃，凉了，咬不动，难吃,1420,16.83624506
268,整体冷/凉,负面,塔可太凉了,- 塔可太凉了，皮不脆，肉也硬很难下咽，牛蛙也是一样,1431,23.8146739
269,鸡排酥脆度差,负面,皮不脆,- 塔可太凉了，皮不脆，肉也硬很难下咽，牛蛙也是一样,1431,23.8146739
270,鸡排口感硬,负面,肉也硬很难下咽,- 塔可太凉了，皮不脆，肉也硬很难下咽，牛蛙也是一样,1431,23.8146739
271,牛蛙肉质硬,负面,牛蛙也是一样,- 塔可太凉了，皮不脆，肉也硬很难下咽，牛蛙也是一样,1431,23.8146739
272,整体不熟,负面,牛蛙塔可青年里面的牛蛙感觉没有熟,- 牛蛙塔可青年里面的牛蛙感觉没有熟,1417,4.915836811
273,综合评价差,负面,味道太难吃了，像吃剩下的肯德基又炸了,- 味道太难吃了，像吃剩下的肯德基又炸了，皮是硬的，而且肉还是柴的，肉都干了，吃的鸡肉干，而且塔可里面只有几片菜叶子和一个小肉球，塔可的皮也是硬邦邦的，像在吃塑料一样,1508,34.4846282
274,鸡排口感硬,负面,皮是硬的,- 味道太难吃了，像吃剩下的肯德基又炸了，皮是硬的，而且肉还是柴的，肉都干了，吃的鸡肉干，而且塔可里面只有几片菜叶子和一个小肉球，塔可的皮也是硬邦邦的，像在吃塑料一样,1508,34.4846282
275,整体热/温,负面,肉都干了，吃的鸡肉干,- 味道太难吃了，像吃剩下的肯德基又炸了，皮是硬的，而且肉还是柴的，肉都干了，吃的鸡肉干，而且塔可里面只有几片菜叶子和一个小肉球，塔可的皮也是硬邦邦的，像在吃塑料一样,1508,34.4846282
276,蔬菜分量少,负面,塔可里面只有几片菜叶子,- 味道太难吃了，像吃剩下的肯德基又炸了，皮是硬的，而且肉还是柴的，肉都干了，吃的鸡肉干，而且塔可里面只有几片菜叶子和一个小肉球，塔可的皮也是硬邦邦的，像在吃塑料一样,1508,34.4846282
277,牛蛙肉量少,负面,和一个小肉球,- 味道太难吃了，像吃剩下的肯德基又炸了，皮是硬的，而且肉还是柴的，肉都干了，吃的鸡肉干，而且塔可里面只有几片菜叶子和一个小肉球，塔可的皮也是硬邦邦的，像在吃塑料一样,1508,34.4846282
278,鸡排口感硬,负面,塔可的皮也是硬邦邦的，像在吃塑料一样,- 味道太难吃了，像吃剩下的肯德基又炸了，皮是硬的，而且肉还是柴的，肉都干了，吃的鸡肉干，而且塔可里面只有几片菜叶子和一个小肉球，塔可的皮也是硬邦邦的，像在吃塑料一样,1508,34.4846282
279,综合评价好,正面,新上的小牛蛙塔克好好吃,- 新上的小牛蛙塔克好好吃,1408,7.930196047
280,综合评价好,正面,好吃耶！,- 好吃耶！喜欢吃牛蛙的人太开心啦,1418,9.998171091
281,牛蛙味道好,正面,喜欢吃牛蛙的人太开心啦,- 好吃耶！喜欢吃牛蛙的人太开心啦,1418,9.998171091
282,综合评价差,负面,你们那个taco，什么玩意,- 你们那个taco，什么玩意，里面放一个炸过的牛蛙快，还是凉的,1429,16.70833206
283,牛蛙肉质硬,负面,里面放一个炸过的牛蛙快,- 你们那个taco，什么玩意，里面放一个炸过的牛蛙快，还是凉的,1429,16.70833206
284,整体冷/凉,负面,还是凉的,- 你们那个taco，什么玩意，里面放一个炸过的牛蛙快，还是凉的,1429,16.70833206
285,综合评价好,正面,新出的牛蛙塔克还不错,- 新出的牛蛙塔克还不错，但是我更爱吃龙虾塔克,1423,10.41396093
286,牛蛙味道好,正面,牛蛙的那个蛮好吃的,- 牛蛙的那个蛮好吃的，也蛮快速的，没等多长时间。能多推出一些性价比好的套餐最好了！,1443,18.21295476
287,出餐速度快,正面,也蛮快速的，没等多长时间,- 牛蛙的那个蛮好吃的，也蛮快速的，没等多长时间。能多推出一些性价比好的套餐最好了！,1443,18.21295476
288,价格便宜,正面,能多推出一些性价比好的套餐最好了！,- 牛蛙的那个蛮好吃的，也蛮快速的，没等多长时间。能多推出一些性价比好的套餐最好了！,1443,18.21295476
289,牛蛙味道好,正面,牛蛙很好吃,- 牛蛙很好吃，小姐姐出餐很快，服务真的非常好，环境优美！,1429,13.00215316
290,出餐速度快,正面,小姐姐出餐很快,- 牛蛙很好吃，小姐姐出餐很快，服务真的非常好，环境优美！,1429,13.00215316
291,鸡排炸得干/硬/焦,负面,塔克鸡块炸得太干了,- 塔克鸡块炸得太干了， 太难嚼了,1419,11.72369599
292,鸡排口感硬,负面,太难嚼了,- 塔克鸡块炸得太干了， 太难嚼了,1419,11.72369599
293,综合评价差,负面,牛蛙塔可太难吃了,- 牛蛙塔可太难吃了，那个鸡肉感觉有点像没熟的样子，特别软,1432,14.48796296
294,鸡排口感软,负面,那个鸡肉感觉有点像没熟的样子，特别软,- 牛蛙塔可太难吃了，那个鸡肉感觉有点像没熟的样子，特别软,1432,14.48796296
295,综合评价一般,中性,还可以,- 还可以就是牛蛙骨头太大了,1409,11.15785789
296,牛蛙有骨头,负面,牛蛙骨头太大了,- 还可以就是牛蛙骨头太大了,1409,11.15785789
297,牛蛙味道辣,负面,塔可太辣,- 塔可太辣,1399,5.887345791
298,综合评价一般,中性,新塔可还行,- 新塔可还行,1397,5.868259668
299,牛蛙肉质硬,负面,塔克肉质有点老,- 塔克肉质有点老。,1403,9.190127134
300,综合评价好,正面,塔克好吃,- 塔克好吃，牛蛙很嫩,1410,10.58849907
301,牛蛙肉质嫩,正面,牛蛙很嫩,- 塔克好吃，牛蛙很嫩,1410,10.58849907
302,整体冷/凉,负面,塔克和汉堡都是凉的,- 塔克和汉堡都是凉的，塔可已经软了，特别像剩的,1421,8.990112066
303,口感差,负面,塔可已经软了，特别像剩的,- 塔克和汉堡都是凉的，塔可已经软了，特别像剩的,1421,8.990112066
304,出餐速度慢,负面,我人没到店手机已经提示可以取餐了，我去到之后报号，她说再等等，还没弄好,- 我先手机点餐然后去买了菜，点了塔可玉米杯雪顶，我人没到店手机已经提示可以取餐了，我去到之后报号，她说再等等，还没弄好，我就坐旁边，结果我发了几条信息，她过来给我说玉米杯还没做，要等20分钟问我等不等，我说不等了取消吧。店员就叫我去前台找店长操作，我去到店长又说她直接操作就可以了，不需要我，我就问了她一遍，是不是不需要我操作任何东西，她说是。结果我坐在那又等了5分钟，我问前台还不可以取餐吗，她问我几号，我说你们店长重新操作的，我不知道我几号，然后那个店员说，店长只是帮你全部取消了，你要的东西还得自己重新操作,1663,30.6578908
305,商品漏配,负面,她过来给我说玉米杯还没做，要等20分钟问我等不等，我说不等了取消吧,- 我先手机点餐然后去买了菜，点了塔可玉米杯雪顶，我人没到店手机已经提示可以取餐了，我去到之后报号，她说再等等，还没弄好，我就坐旁边，结果我发了几条信息，她过来给我说玉米杯还没做，要等20分钟问我等不等，我说不等了取消吧。店员就叫我去前台找店长操作，我去到店长又说她直接操作就可以了，不需要我，我就问了她一遍，是不是不需要我操作任何东西，她说是。结果我坐在那又等了5分钟，我问前台还不可以取餐吗，她问我几号，我说你们店长重新操作的，我不知道我几号，然后那个店员说，店长只是帮你全部取消了，你要的东西还得自己重新操作,1663,30.6578908
306,综合评价差,负面,店员就叫我去前台找店长操作，我去到店长又说她直接操作就可以了，不需要我，我就问了她一遍，是不是不需要我操作任何东西，她说是。结果我坐在那又等了5分钟，我问前台还不可以取餐吗，她问我几号，我说你们店长重新操作的，我不知道我几号，然后那个店员说，店长只是帮你全部取消了，你要的东西还得自己重新操作,- 我先手机点餐然后去买了菜，点了塔可玉米杯雪顶，我人没到店手机已经提示可以取餐了，我去到之后报号，她说再等等，还没弄好，我就坐旁边，结果我发了几条信息，她过来给我说玉米杯还没做，要等20分钟问我等不等，我说不等了取消吧。店员就叫我去前台找店长操作，我去到店长又说她直接操作就可以了，不需要我，我就问了她一遍，是不是不需要我操作任何东西，她说是。结果我坐在那又等了5分钟，我问前台还不可以取餐吗，她问我几号，我说你们店长重新操作的，我不知道我几号，然后那个店员说，店长只是帮你全部取消了，你要的东西还得自己重新操作,1663,30.6578908
307,份量大,正面,塔克牛蛙可真大啊！！！,- 塔克牛蛙可真大啊！！！,1408,4.21020627
308,商品错配,负面,要牛蛙塔可，结果给我小龙虾塔可,- 要牛蛙塔可，结果给我小龙虾塔可。有点不开心,1420,5.533674955
309,综合评价好,正面,塔可终于又上了，大爱,- 塔可终于又上了，大爱,1406,5.861780882
310,综合评价好,正面,牛蛙产品看广告试吃了一下，还不错,- 牛蛙产品看广告试吃了一下，还不错，口感酥脆,1419,12.66288209
311,口感好,正面,口感酥脆,- 牛蛙产品看广告试吃了一下，还不错，口感酥脆,1419,12.66288209
312,综合评价好,正面,牛蛙产品看广告试吃了一下，还不错,- 牛蛙产品看广告试吃了一下，还不错，口感酥脆,1419,10.02634692
313,口感好,正面,口感酥脆,- 牛蛙产品看广告试吃了一下，还不错，口感酥脆,1419,10.02634692
314,鸡排新鲜度差,负面,牛蛙塔可鸡肉很老，感觉不新鲜,- 牛蛙塔可鸡肉很老，感觉不新鲜,1416,8.138395071
315,牛蛙有骨头,负面,牛蛙去骨就好了,- 牛蛙去骨就好了,1403,7.174947023
316,综合评价好,正面,好吃的塔克,- 好吃的塔克,1401,4.066352844
317,味道好,正面,塔可味道很好,- 塔可味道很好,1401,5.789659977
318,牛蛙味道好,正面,牛蛙好吃,- 牛蛙好吃，全鸡好吃,1407,5.579388857
319,份量小,负面,牛蛙塔可太小了,- 牛蛙塔可太小了，味道一般。跟小龙虾塔可味道差远了,1429,12.6403091
320,味道一般,负面,味道一般,- 牛蛙塔可太小了，味道一般。跟小龙虾塔可味道差远了,1429,12.6403091
321,味道差,负面,跟小龙虾塔可味道差远了,- 牛蛙塔可太小了，味道一般。跟小龙虾塔可味道差远了,1429,12.6403091
322,牛蛙味道好,正面,牛蛙腿好吃,- 牛蛙腿好吃,1402,8.06415391
323,综合评价好,正面,牛蛙塔可真好吃,- 牛蛙塔可真好吃,1403,5.842685938
324,价格贵,负面,这个14块钱一个的牛蛙塔克,- 这个14块钱一个的牛蛙塔克也太小了吧，比一个拳头还小，而且说实话不咋好吃，肯定是不会再点了！,1450,22.74168491
325,份量小,负面,也太小了吧，比一个拳头还小,- 这个14块钱一个的牛蛙塔克也太小了吧，比一个拳头还小，而且说实话不咋好吃，肯定是不会再点了！,1450,22.74168491
326,味道差,负面,而且说实话不咋好吃,- 这个14块钱一个的牛蛙塔克也太小了吧，比一个拳头还小，而且说实话不咋好吃，肯定是不会再点了！,1450,22.74168491
327,综合评价差,负面,肯定是不会再点了！,- 这个14块钱一个的牛蛙塔克也太小了吧，比一个拳头还小，而且说实话不咋好吃，肯定是不会再点了！,1450,22.74168491
328,整体冷/凉,负面,新品塔克凉了,- 新品塔克凉了，过了最佳品尝期,1410,11.34555411
329,放置时间久,负面,过了最佳品尝期,- 新品塔克凉了，过了最佳品尝期,1410,11.34555411
330,不卫生,负面,塔克吃出睫毛,- 塔克吃出睫毛,1403,4.480988741
331,出餐速度慢,负面,到的时候还在打包 app早就显示可以取餐了,- 到的时候还在打包 app早就显示可以取餐了牛蛙塔可却还是温的一点都不好吃 现场并没有其他人在等待 出餐一点都不可靠,1457,16.52962112
332,整体冷/凉,负面,牛蛙塔可却还是温的,- 到的时候还在打包 app早就显示可以取餐了牛蛙塔可却还是温的一点都不好吃 现场并没有其他人在等待 出餐一点都不可靠,1457,16.52962112
333,味道差,负面,一点都不好吃,- 到的时候还在打包 app早就显示可以取餐了牛蛙塔可却还是温的一点都不好吃 现场并没有其他人在等待 出餐一点都不可靠,1457,16.52962112
334,牛蛙肉量少,负面,这个牛蛙也太小了，都没吃出味就没了,- 这个牛蛙也太小了，都没吃出味就没了，哈哈哈,1419,5.855206251
335,牛蛙味道好,正面,牛蛙挺好吃的,- 牛蛙挺好吃的,1402,4.462694883
336,整体冷/凉,负面,汉堡和塔可都是冷的,- 周末人太多，汉堡和塔可都是冷的。跟不上时效。,1421,11.5606401
337,出餐速度慢,负面,跟不上时效,- 周末人太多，汉堡和塔可都是冷的。跟不上时效。,1421,11.5606401
338,综合评价差,负面,塔可牛蛙其实输小龙虾,- 塔可牛蛙其实输小龙虾 还贵,1412,9.360117912
339,价格贵,负面,还贵,- 塔可牛蛙其实输小龙虾 还贵,1412,9.360117912
340,综合评价好,正面,新塔可好好吃,- 新塔可好好吃,1399,5.670893908
341,牛蛙味道好,正面,牛蛙好吃,- 牛蛙好吃,1399,5.521221161
342,综合评价好,正面,塔可不错,- 塔可不错  nice,1399,9.510445118
343,商品售罄,负面,抖音团购的牛蛙塔可券，用券就说售罄让我换成两个鸡米花，但是单点就可以用。啥意思？,- 抖音团购的牛蛙塔可券，用券就说售罄让我换成两个鸡米花，但是单点就可以用。啥意思？,1444,8.562238932
344,综合评价差,负面,吃过句容所有肯德基店铺里面的塔可，这是最差最敷衍的一家,- 吃过句容所有肯德基店铺里面的塔可，这是最差最敷衍的一家。有时候和店员说话爱理不理，习惯性爱晾人。品性不可控，塔可里面生菜极少！笋丝有时候有有时候没有。照片忘拍了。,1495,25.94023728
345,出餐速度慢,负面,有时候和店员说话爱理不理，习惯性爱晾人,- 吃过句容所有肯德基店铺里面的塔可，这是最差最敷衍的一家。有时候和店员说话爱理不理，习惯性爱晾人。品性不可控，塔可里面生菜极少！笋丝有时候有有时候没有。照片忘拍了。,1495,25.94023728
346,蔬菜分量少,负面,塔可里面生菜极少,- 吃过句容所有肯德基店铺里面的塔可，这是最差最敷衍的一家。有时候和店员说话爱理不理，习惯性爱晾人。品性不可控，塔可里面生菜极少！笋丝有时候有有时候没有。照片忘拍了。,1495,25.94023728
347,商品错配,负面,笋丝有时候有有时候没有,- 吃过句容所有肯德基店铺里面的塔可，这是最差最敷衍的一家。有时候和店员说话爱理不理，习惯性爱晾人。品性不可控，塔可里面生菜极少！笋丝有时候有有时候没有。照片忘拍了。,1495,25.94023728
348,综合评价差,负面,但是牛蛙塔可不好吃，有点酸,- 服务可以，但是牛蛙塔可不好吃，有点酸，还不如小龙虾塔可,1427,5.670557022
349,食材不新鲜,负面,塔可不是很新鲜,- 塔可不是很新鲜，二楼餐盘不收,1414,4.649448872
350,牛蛙味道辣,负面,塔可太辣了,- 塔可太辣了,1400,5.124897003
351,牛蛙新鲜度差,负面,牛蛙塔克很不新鲜,- 牛蛙塔克很不新鲜 ，特别硬和干 酱也只有一点，和在其他店吃的完全不一样,1436,27.6097517
352,牛蛙肉质硬,负面,特别硬和干,- 牛蛙塔克很不新鲜 ，特别硬和干 酱也只有一点，和在其他店吃的完全不一样,1436,27.6097517
353,酱料太少,负面,酱也只有一点,- 牛蛙塔克很不新鲜 ，特别硬和干 酱也只有一点，和在其他店吃的完全不一样,1436,27.6097517
354,综合评价差,负面,和在其他店吃的完全不一样,- 牛蛙塔克很不新鲜 ，特别硬和干 酱也只有一点，和在其他店吃的完全不一样,1436,27.6097517
355,整体冷/凉,负面,鸡腿、塔可，温的,- 鸡腿、塔可，温的，不是现做的滋味，有一丢丢不满意,1427,16.8971231
356,放置时间久,负面,不是现做的滋味,- 鸡腿、塔可，温的，不是现做的滋味，有一丢丢不满意,1427,16.8971231
357,综合评价一般,负面,有一丢丢不满意,- 鸡腿、塔可，温的，不是现做的滋味，有一丢丢不满意,1427,16.8971231
358,牛蛙味道好,正面,牛蛙太好吃了,- 牛蛙太好吃了,1402,4.892248154
359,综合评价好,正面,非常好,- 非常好，牛蛙腿很饱满，好吃,1416,17.36910677
360,牛蛙肉量多,正面,牛蛙腿很饱满,- 非常好，牛蛙腿很饱满，好吃,1416,17.36910677
361,味道好,正面,好吃,- 非常好，牛蛙腿很饱满，好吃,1416,17.36910677
362,综合评价好,正面,塔克不错，好吃！,- 塔克不错，好吃！,1403,5.919908047
363,整体冷/凉,负面,薯条跟塔可都有点凉了,- 薯条跟塔可都有点凉了,1406,5.738898993
364,综合评价差,负面,新品不好吃，幸亏最后上的，本来还开开心心的，等到塔可到手后，整个人都不好了，吃的特别emo,- 新品不好吃，幸亏最后上的，本来还开开心心的，等到塔可到手后，整个人都不好了，吃的特别emo,1439,8.612524033
365,综合评价好,正面,新出的牛蛙塔可好吃~,- 新出的牛蛙塔可好吃~,1405,8.269315004
366,综合评价好,正面,非常好哦，都出牛蛙塔克了,- 非常好哦，都出牛蛙塔克了，好吃,1415,9.543302059
367,味道好,正面,好吃,- 非常好哦，都出牛蛙塔克了，好吃,1415,9.543302059
368,综合评价好,正面,牛蛙青年很好吃！,- 牛蛙青年很好吃！,1405,7.718812943
369,商品漏配,负面,我的塔可少了一个,- 我的塔可少了一个,1400,5.370124102
370,出餐速度快,正面,牛蛙塔可出餐就是凉的,- 牛蛙塔可出餐就是凉的，不是现做的,1415,16.9049778
371,整体冷/凉,负面,牛蛙塔可出餐就是凉的,- 牛蛙塔可出餐就是凉的，不是现做的,1415,16.9049778
372,放置时间久,负面,不是现做的,- 牛蛙塔可出餐就是凉的，不是现做的,1415,16.9049778
373,综合评价好,正面,新出来的塔克也不错,- 全鸡味道不错 香脆多汁 可乐喝着很凉爽 新出来的塔克也不错。口感很好 都吃光了,1448,11.2589519
374,口感好,正面,口感很好,- 全鸡味道不错 香脆多汁 可乐喝着很凉爽 新出来的塔克也不错。口感很好 都吃光了,1448,11.2589519
375,放置时间久,负面,塔可放了很久,- 沙发严重掉皮，没有及时更换。塔可放了很久，外皮都捂软了，一点口感都没有，这次体验极差！,1444,17.74358392
376,口感差,负面,外皮都捂软了，一点口感都没有,- 沙发严重掉皮，没有及时更换。塔可放了很久，外皮都捂软了，一点口感都没有，这次体验极差！,1444,17.74358392
377,综合评价差,负面,这次体验极差！,- 沙发严重掉皮，没有及时更换。塔可放了很久，外皮都捂软了，一点口感都没有，这次体验极差！,1444,17.74358392
378,综合评价好,正面,买的新出的塔可，很好吃,- 买的新出的塔可，很好吃服务也很好,1412,5.340060234
379,牛蛙有骨头,负面,强烈要求牛蛙塔可在明确位置提示内有骨头,- 强烈要求牛蛙塔可在明确位置提示内有骨头,1417,6.786989212
380,综合评价一般,中性,希望小龙虾塔可上市,- 希望小龙虾塔可上市,1406,11.05026197
381,份量小,负面,牛蛙塔可的分量还是太小了一点 几口就吃完了,- 牛蛙塔可的分量还是太小了一点 几口就吃完了希望可以大一点吧……但味道很好,1436,15.28946829
382,味道好,正面,但味道很好,- 牛蛙塔可的分量还是太小了一点 几口就吃完了希望可以大一点吧……但味道很好,1436,15.28946829
383,综合评价好,正面,牛蛙塔克还不错！,- 牛蛙塔克还不错！,1404,5.102541924
384,牛蛙肉质嫩,正面,牛蛙腿真嫩,- 牛蛙腿真嫩,1403,5.164047003
385,食材不新鲜,负面,上的炸鸡块什么的都不新鲜，不是现炸的,- 买的券，上的炸鸡块什么的都不新鲜，不是现炸的。追加了一个龙虾塔可，倒是现炸的，可惜油太大了。不满意，吃的整一个不适，以后都不会吃肯德基了,1486,13.27158117
386,综合评价差,负面,不满意，吃的整一个不适，以后都不会吃肯德基了,- 买的券，上的炸鸡块什么的都不新鲜，不是现炸的。追加了一个龙虾塔可，倒是现炸的，可惜油太大了。不满意，吃的整一个不适，以后都不会吃肯德基了,1486,13.27158117
387,综合评价差,负面,塔可和鸡腿鸡翅都是巨拆,- 塔可和鸡腿鸡翅都是巨拆,1414,6.618588924
388,牛蛙肉质嫩,正面,牛蛙腿很嫩,- 牛蛙腿很嫩很好吃,1409,17.11256337
389,牛蛙味道好,正面,牛蛙腿很好吃,- 牛蛙腿很嫩很好吃,1409,17.11256337
390,综合评价好,正面,新品牛蛙很好吃！,- 新品牛蛙很好吃！,1404,6.883213043
391,牛蛙肉量少,负面,牛娃塔可居然只有一只腿,- 牛娃塔可居然只有一只腿,1409,7.209381819
392,综合评价好,正面,牛蛙塔克很好吃,- 牛蛙塔克很好吃，服务员和蔼可亲,1415,5.705047131
393,味道好,正面,味道可以,- 超级塔可没有吃到一颗小龙虾 味道可以 牛蛙小塔可味道不大行 其他挺好,1436,14.41639972
394,牛蛙味道差,负面,牛蛙小塔可味道不大行,- 超级塔可没有吃到一颗小龙虾 味道可以 牛蛙小塔可味道不大行 其他挺好,1436,14.41639972
395,综合评价好,正面,其他挺好,- 超级塔可没有吃到一颗小龙虾 味道可以 牛蛙小塔可味道不大行 其他挺好,1436,14.41639972
396,综合评价好,正面,牛蛙take很好吃哦~~~点赞,- 牛蛙take很好吃哦~~~点赞,1409,4.772106886
397,综合评价好,正面,牛蛙塔克很好吃,- 牛蛙塔克很好吃，希望后边出牛蛙的超级塔克,1426,6.380071878
398,综合评价好,正面,新品牛蛙很好吃,- 新品牛蛙很好吃，肉质很嫩,1413,13.60554504
399,牛蛙肉质嫩,正面,肉质很嫩,- 新品牛蛙很好吃，肉质很嫩,1413,13.60554504
400,综合评价好,正面,塔可和薯条很好吃,- 塔可和薯条很好吃，鸡肉很嫩、薯条也是刚炸好的，很脆,1436,21.63622594
401,鸡排口感软,正面,鸡肉很嫩,- 塔可和薯条很好吃，鸡肉很嫩、薯条也是刚炸好的，很脆,1436,21.63622594
402,整体热/温,正面,薯条也是刚炸好的,- 塔可和薯条很好吃，鸡肉很嫩、薯条也是刚炸好的，很脆,1436,21.63622594
403,鸡排酥脆度好,正面,很脆,- 塔可和薯条很好吃，鸡肉很嫩、薯条也是刚炸好的，很脆,1436,21.63622594
404,综合评价差,负面,塔可太小 还没有女孩的手掌心大 有点诈骗的感觉 失望,- 塔可太小 还没有女孩的手掌心大 有点诈骗的感觉 失望,1426,15.20264006
405,份量小,负面,塔可太小 还没有女孩的手掌心大,- 塔可太小 还没有女孩的手掌心大 有点诈骗的感觉 失望,1426,15.20264006
406,出餐速度慢,负面,新品牛蛙取餐有点慢,- 新品牛蛙取餐有点慢,1407,6.765357971
407,牛蛙味道好,正面,牛蛙好吃,- 牛蛙好吃，,1399,5.678877115
408,综合评价一般,中性,牛蛙塔克没我想象中的好吃,- 牛蛙塔克没我想象中的好吃,1410,5.616902828
409,商品错配,负面,牛蛙小食拼盘撒粉没有全部都撒 只撒了牛蛙一个,- 牛蛙小食拼盘撒粉没有全部都撒 只撒了牛蛙一个  后来店员沟通了得到解决,1438,12.16715884
410,综合评价好,正面,后来店员沟通了得到解决,- 牛蛙小食拼盘撒粉没有全部都撒 只撒了牛蛙一个  后来店员沟通了得到解决,1438,12.16715884
411,综合评价好,正面,牛蛙塔可si青年太好吃了吧。减肥的我吃完一个又吃一个，我的天。减肥路上的绊脚石。出品太太太好吃了,- 前台可爱的小姐姐笑容很治愈，对顾客提出的要求快速响应，感知非常好。特别满意！牛蛙塔可si青年太好吃了吧。减肥的我吃完一个又吃一个，我的天。减肥路上的绊脚石。出品太太太好吃了,1507,12.41861296
412,牛蛙肉量多,正面,牛蛙腿好大一个！,- 牛蛙腿好大一个！,1403,5.752610683
413,份量小,负面,这个牛蛙塔克属实有点小,- 这个牛蛙塔克属实有点小，而且味道不咋地，一拿出来那个粉使劲,1435,19.83802581
414,味道差,负面,而且味道不咋地,- 这个牛蛙塔克属实有点小，而且味道不咋地，一拿出来那个粉使劲,1435,19.83802581
415,包装不方便,负面,一拿出来那个粉使劲,- 这个牛蛙塔克属实有点小，而且味道不咋地，一拿出来那个粉使劲,1435,19.83802581
416,综合评价差,负面,越来越不好吃了,- 越来越不好吃了，香辣鸡腿堡，塔可，鸡米花吃着都是绵的，没有脆香感,1443,15.77431607
417,口感差,负面,香辣鸡腿堡，塔可，鸡米花吃着都是绵的，没有脆香感,- 越来越不好吃了，香辣鸡腿堡，塔可，鸡米花吃着都是绵的，没有脆香感,1443,15.77431607
418,味道好,正面,塔可好吃,- 塔可好吃,1398,4.041445017
419,综合评价好,正面,非常好,- 非常好，牛蛙的挺好吃,1408,11.03363204
420,牛蛙味道好,正面,牛蛙的挺好吃,- 非常好，牛蛙的挺好吃,1408,11.03363204
421,酱料太少,负面,牛蛙塔克酱太少,- 牛蛙塔克酱太少,1406,5.677990198
422,综合评价差,负面,牛蛙真的不好吃,- 牛蛙真的不好吃，软趴趴的，还有股子中药味儿,1423,19.25785613
423,牛蛙肉质软,负面,软趴趴的,- 牛蛙真的不好吃，软趴趴的，还有股子中药味儿,1423,19.25785613
424,牛蛙味道腥,负面,还有股子中药味儿,- 牛蛙真的不好吃，软趴趴的，还有股子中药味儿,1423,19.25785613
425,整体冷/凉,负面,塔可是冷的，换了一个还是冷的,- 塔可是冷的，换了一个还是冷的,1408,7.069415092
426,综合评价差,负面,塔可和图差距太大了，小龙虾又少又小；塔可外层的炸肉炸的太干了，比较柴；不好吃,- 塔可和图差距太大了，小龙虾又少又小；塔可外层的炸肉炸的太干了，比较柴；不好吃,1450,22.78716922
427,份量小,负面,小龙虾又少又小,- 塔可和图差距太大了，小龙虾又少又小；塔可外层的炸肉炸的太干了，比较柴；不好吃,1450,22.78716922
428,炸得干/硬/焦,负面,塔可外层的炸肉炸的太干了，比较柴,- 塔可和图差距太大了，小龙虾又少又小；塔可外层的炸肉炸的太干了，比较柴；不好吃,1450,22.78716922
429,味道差,负面,不好吃,- 塔可和图差距太大了，小龙虾又少又小；塔可外层的炸肉炸的太干了，比较柴；不好吃,1450,22.78716922
430,综合评价差,负面,塔可和图差距太大了，小龙虾又少又小；塔可外层的炸肉炸的太干了，比较柴；不好吃,- 塔可和图差距太大了，小龙虾又少又小；塔可外层的炸肉炸的太干了，比较柴；不好吃,1450,21.69317985
431,份量小,负面,小龙虾又少又小,- 塔可和图差距太大了，小龙虾又少又小；塔可外层的炸肉炸的太干了，比较柴；不好吃,1450,21.69317985
432,炸得干/硬/焦,负面,塔可外层的炸肉炸的太干了，比较柴,- 塔可和图差距太大了，小龙虾又少又小；塔可外层的炸肉炸的太干了，比较柴；不好吃,1450,21.69317985
433,味道差,负面,不好吃,- 塔可和图差距太大了，小龙虾又少又小；塔可外层的炸肉炸的太干了，比较柴；不好吃,1450,21.69317985
434,牛蛙味道好,正面,塔可里的牛蛙还行,- 塔可里的牛蛙还行，但是小食拼盘里的牛蛙太难吃了，是我怀疑有没有熟的程度，肉很难离开骨头，而且一口咬下去，里面还有很多湿的面粉糊糊，没炸透吗，太可怕了,1505,29.59737396
435,牛蛙新鲜度差,负面,小食拼盘里的牛蛙太难吃了，是我怀疑有没有熟的程度,- 塔可里的牛蛙还行，但是小食拼盘里的牛蛙太难吃了，是我怀疑有没有熟的程度，肉很难离开骨头，而且一口咬下去，里面还有很多湿的面粉糊糊，没炸透吗，太可怕了,1505,29.59737396
436,牛蛙有骨头,负面,肉很难离开骨头,- 塔可里的牛蛙还行，但是小食拼盘里的牛蛙太难吃了，是我怀疑有没有熟的程度，肉很难离开骨头，而且一口咬下去，里面还有很多湿的面粉糊糊，没炸透吗，太可怕了,1505,29.59737396
437,炸得干/硬/焦,负面,而且一口咬下去，里面还有很多湿的面粉糊糊，没炸透吗，太可怕了,- 塔可里的牛蛙还行，但是小食拼盘里的牛蛙太难吃了，是我怀疑有没有熟的程度，肉很难离开骨头，而且一口咬下去，里面还有很多湿的面粉糊糊，没炸透吗，太可怕了,1505,29.59737396
438,牛蛙味道好,正面,塔可里的牛蛙还行,- 塔可里的牛蛙还行，但是小食拼盘里的牛蛙太难吃了，是我怀疑有没有熟的程度，肉很难离开骨头，而且一口咬下去，里面还有很多湿的面粉糊糊，没炸透吗，太可怕了,1505,25.96149206
439,牛蛙新鲜度差,负面,小食拼盘里的牛蛙太难吃了，是我怀疑有没有熟的程度,- 塔可里的牛蛙还行，但是小食拼盘里的牛蛙太难吃了，是我怀疑有没有熟的程度，肉很难离开骨头，而且一口咬下去，里面还有很多湿的面粉糊糊，没炸透吗，太可怕了,1505,25.96149206
440,牛蛙有骨头,负面,肉很难离开骨头,- 塔可里的牛蛙还行，但是小食拼盘里的牛蛙太难吃了，是我怀疑有没有熟的程度，肉很难离开骨头，而且一口咬下去，里面还有很多湿的面粉糊糊，没炸透吗，太可怕了,1505,25.96149206
441,炸得干/硬/焦,负面,一口咬下去，里面还有很多湿的面粉糊糊，没炸透吗,- 塔可里的牛蛙还行，但是小食拼盘里的牛蛙太难吃了，是我怀疑有没有熟的程度，肉很难离开骨头，而且一口咬下去，里面还有很多湿的面粉糊糊，没炸透吗，太可怕了,1505,25.96149206
442,牛蛙肉质嫩,正面,牛蛙好嫩,- 牛蛙好嫩，好好吃,1405,8.755785942
443,味道好,正面,好好吃,- 牛蛙好嫩，好好吃,1405,8.755785942
444,综合评价差,负面,这牛蛙真的太难吃,- 这牛蛙真的太难吃 外面鸡排味道一言难尽 感觉放了很久,1433,14.65186882
445,味道差,负面,外面鸡排味道一言难尽,- 这牛蛙真的太难吃 外面鸡排味道一言难尽 感觉放了很久,1433,14.65186882
446,放置时间久,负面,感觉放了很久,- 这牛蛙真的太难吃 外面鸡排味道一言难尽 感觉放了很久,1433,14.65186882
447,商品漏配,负面,漏我一个小龙虾超级塔可,- 漏我一个小龙虾超级塔可，线上客服给出的补偿方案也很差。,1425,9.835674763
448,综合评价差,负面,线上客服给出的补偿方案也很差,- 漏我一个小龙虾超级塔可，线上客服给出的补偿方案也很差。,1425,9.835674763
449,牛蛙肉质嫩,正面,牛蛙很嫩,- 牛蛙很嫩，很好,1405,7.893814802
450,综合评价好,正面,很好,- 牛蛙很嫩，很好,1405,7.893814802
451,综合评价好,正面,牛蛙塔可很好吃,- 牛蛙塔可很好吃,1404,5.965056896
452,综合评价一般,中性,新出的烤鸡堡一般般,- 劲脆没有以前好吃了，脆不脆就算了白酱还变得很酸。新出的烤鸡堡一般般，那个炸牛蛙皮是皮蛙是蛙，建议不要老整新活先做好以前的好产品吧,1488,14.77450013
453,牛蛙新鲜度差,负面,那个炸牛蛙皮是皮蛙是蛙,- 劲脆没有以前好吃了，脆不脆就算了白酱还变得很酸。新出的烤鸡堡一般般，那个炸牛蛙皮是皮蛙是蛙，建议不要老整新活先做好以前的好产品吧,1488,14.77450013
454,酱料味道一般,负面,白酱还变得很酸,- 劲脆没有以前好吃了，脆不脆就算了白酱还变得很酸。新出的烤鸡堡一般般，那个炸牛蛙皮是皮蛙是蛙，建议不要老整新活先做好以前的好产品吧,1488,14.77450013
455,商品售罄,负面,塔可只剩下两个于是线上下线了这个餐品,- 怎么说呢我觉得店员很不容易，现在完全不能线下点单说实话有时候很麻烦，塔可只剩下两个于是线上下线了这个餐品可以理解。但是线下也不能直接点单，只能等待重新上线再下单餐品说实话有点浪费大家的时间。希望能有改进方法，可以方便顾客，也可以便于肯德基的工作人员。,1531,14.9671011
456,综合评价差,负面,但是线下也不能直接点单，只能等待重新上线再下单餐品说实话有点浪费大家的时间,- 怎么说呢我觉得店员很不容易，现在完全不能线下点单说实话有时候很麻烦，塔可只剩下两个于是线上下线了这个餐品可以理解。但是线下也不能直接点单，只能等待重新上线再下单餐品说实话有点浪费大家的时间。希望能有改进方法，可以方便顾客，也可以便于肯德基的工作人员。,1531,14.9671011
457,牛蛙味道差,负面,我觉得牛蛙不是很好吃，建议别放了,- 我觉得牛蛙不是很好吃，建议别放了,1414,6.487200975
458,综合评价好,正面,新出的塔克不错,- 新出的塔克不错,1400,4.642512798
459,综合评价好,正面,牛蛙塔可很好吃，爱了爱了,- 牛蛙塔可很好吃，爱了爱了,1411,7.539527178
460,出餐速度慢,负面,一个塔克等了太久,- 出餐太混乱了，一个塔克等了太久,1415,6.815747023
461,综合评价差,负面,又被塔可骗了,- 又被塔可骗了,1402,5.679752111
462,综合评价差,负面,糟糕的一次体验，表示再也不会尝试肯德基新品了,- 点了四个塔克，每个都是鸡肉干到发柴，不符合这个价格应该有的质量，糟糕的一次体验，表示再也不会尝试肯德基新品了！！！,1461,15.09278584
463,鸡排炸得干/硬/焦,负面,每个都是鸡肉干到发柴,- 点了四个塔克，每个都是鸡肉干到发柴，不符合这个价格应该有的质量，糟糕的一次体验，表示再也不会尝试肯德基新品了！！！,1461,15.09278584
464,价格贵,负面,不符合这个价格应该有的质量,- 点了四个塔克，每个都是鸡肉干到发柴，不符合这个价格应该有的质量，糟糕的一次体验，表示再也不会尝试肯德基新品了！！！,1461,15.09278584
465,牛蛙炸得不够,负面,牛蛙塔可青年里头的牛蛙炸的不够酥脆,- 牛蛙塔可青年里头的牛蛙炸的不够酥脆，其中有一份牛蛙肉还不够熟,1442,16.05671811
466,整体不熟,负面,其中有一份牛蛙肉还不够熟,- 牛蛙塔可青年里头的牛蛙炸的不够酥脆，其中有一份牛蛙肉还不够熟,1442,16.05671811
467,牛蛙肉量多,正面,牛蛙塔克的牛蛙真的好大一块,- 牛蛙塔克的牛蛙真的好大一块,1413,5.776213169
468,综合评价好,正面,新品牛蛙真好吃,- 新品牛蛙真好吃,1402,10.53372216
469,牛蛙味道好,正面,新品牛蛙真好吃,- 新品牛蛙真好吃,1402,10.53372216
470,牛蛙肉量多,正面,牛蛙腿好多肉,- 牛蛙腿好多肉,1403,6.095586777
471,份量小,负面,牛蛙塔可青年太太太迷你了吧,- 就是牛蛙塔可青年太太太迷你了吧,1417,8.699328899
472,综合评价差,负面,塔克好次,- 塔克好次～,1399,7.170584917
473,综合评价差,负面,对这个沈阳肯德基中金启城店非常无语且失望,- 作为肯德基的高频次用餐客户对这个沈阳肯德基中金启城店非常无语且失望！第一：奥尔良烤翅和热辣香骨鸡不止一次烤糊、焦、硬，根本不软嫩。第二：进去看人下菜碟推销会员能理解，你先把餐食最好再说。第三：可乐杯是直饮杯客户不是傻子能看明白，就想要个吸管用吸管喝，怎么吸管花你家钱了，推三阻四强调直饮杯。第四：新品塔克不用你做的跟你们宣传图一样，起码你别做得太糊弄太离谱，我附图片你们自己看看。我觉得这个店就是个别现象，我在沈阳肯德基（凯利店）用过餐，无论是服务还是餐食都让我非常满意无可挑剔！！！,1719,32.49204421
474,出餐速度慢,负面,你先把餐食最好再说,- 作为肯德基的高频次用餐客户对这个沈阳肯德基中金启城店非常无语且失望！第一：奥尔良烤翅和热辣香骨鸡不止一次烤糊、焦、硬，根本不软嫩。第二：进去看人下菜碟推销会员能理解，你先把餐食最好再说。第三：可乐杯是直饮杯客户不是傻子能看明白，就想要个吸管用吸管喝，怎么吸管花你家钱了，推三阻四强调直饮杯。第四：新品塔克不用你做的跟你们宣传图一样，起码你别做得太糊弄太离谱，我附图片你们自己看看。我觉得这个店就是个别现象，我在沈阳肯德基（凯利店）用过餐，无论是服务还是餐食都让我非常满意无可挑剔！！！,1719,32.49204421
475,包装不方便,负面,可乐杯是直饮杯客户不是傻子能看明白，就想要个吸管用吸管喝，怎么吸管花你家钱了，推三阻四强调直饮杯,- 作为肯德基的高频次用餐客户对这个沈阳肯德基中金启城店非常无语且失望！第一：奥尔良烤翅和热辣香骨鸡不止一次烤糊、焦、硬，根本不软嫩。第二：进去看人下菜碟推销会员能理解，你先把餐食最好再说。第三：可乐杯是直饮杯客户不是傻子能看明白，就想要个吸管用吸管喝，怎么吸管花你家钱了，推三阻四强调直饮杯。第四：新品塔克不用你做的跟你们宣传图一样，起码你别做得太糊弄太离谱，我附图片你们自己看看。我觉得这个店就是个别现象，我在沈阳肯德基（凯利店）用过餐，无论是服务还是餐食都让我非常满意无可挑剔！！！,1719,32.49204421
476,综合评价差,负面,新品塔克不用你做的跟你们宣传图一样，起码你别做得太糊弄太离谱，我附图片你们自己看看,- 作为肯德基的高频次用餐客户对这个沈阳肯德基中金启城店非常无语且失望！第一：奥尔良烤翅和热辣香骨鸡不止一次烤糊、焦、硬，根本不软嫩。第二：进去看人下菜碟推销会员能理解，你先把餐食最好再说。第三：可乐杯是直饮杯客户不是傻子能看明白，就想要个吸管用吸管喝，怎么吸管花你家钱了，推三阻四强调直饮杯。第四：新品塔克不用你做的跟你们宣传图一样，起码你别做得太糊弄太离谱，我附图片你们自己看看。我觉得这个店就是个别现象，我在沈阳肯德基（凯利店）用过餐，无论是服务还是餐食都让我非常满意无可挑剔！！！,1719,32.49204421
477,综合评价好,正面,塔克非常好吃哦,- 塔克非常好吃哦,1403,10.50092101
478,牛蛙新鲜度差,负面,牛蛙不新鲜了,- 牛蛙不新鲜了，重口味也掩盖不了,1414,14.55667925
479,味道差,负面,重口味也掩盖不了,- 牛蛙不新鲜了，重口味也掩盖不了,1414,14.55667925
480,牛蛙味道差,负面,牛蛙难吃,- 牛蛙难吃，服务很好！,1406,10.09503102
481,综合评价好,正面,服务很好！,- 牛蛙难吃，服务很好！,1406,10.09503102
482,综合评价好,正面,牛蛙塔可好吃,- 牛蛙塔可好吃,1402,5.107260942
483,鸡排口感硬,负面,牛蛙塔可用的鸡排肯定不是现炸的 很硬 咬不动,- 牛蛙塔可用的鸡排肯定不是现炸的 很硬 咬不动 牛蛙没问题,1431,17.12608314
484,牛蛙味道好,正面,牛蛙没问题,- 牛蛙塔可用的鸡排肯定不是现炸的 很硬 咬不动 牛蛙没问题,1431,17.12608314
485,综合评价好,正面,还不错,- 还不错，塔克再大一点就好了,1407,8.477133751
486,份量小,负面,塔克再大一点就好了,- 还不错，塔克再大一点就好了,1407,8.477133751
487,综合评价好,正面,还不错,- 还不错，塔克再大一点就好了,1407,9.231945992
488,份量小,负面,塔克再大一点就好了,- 还不错，塔克再大一点就好了,1407,9.231945992
489,综合评价好,正面,牛蛙塔可太好吃了,- 牛蛙塔可太好吃了,1405,6.464197159
490,份量小,负面,塔可太迷你了，严重不符,- 塔可太迷你了，严重不符,1407,6.068383932
491,综合评价好,正面,很好！,- 很好！食材新鲜！新品taco味道很好吃，就是青年版的小了点,1427,18.03680611
492,食材新鲜,正面,食材新鲜！,- 很好！食材新鲜！新品taco味道很好吃，就是青年版的小了点,1427,18.03680611
493,味道好,正面,新品taco味道很好吃,- 很好！食材新鲜！新品taco味道很好吃，就是青年版的小了点,1427,18.03680611
494,份量小,负面,就是青年版的小了点,- 很好！食材新鲜！新品taco味道很好吃，就是青年版的小了点,1427,18.03680611
495,综合评价好,正面,其他都挺好,- 藤椒汉堡的面包胚是冷的，其他都挺好，牛蛙好吃。,1425,8.687757969
496,牛蛙味道好,正面,牛蛙好吃,- 藤椒汉堡的面包胚是冷的，其他都挺好，牛蛙好吃。,1425,8.687757969
497,牛蛙味道好,正面,牛蛙好吃,- 藤椒汉堡的面包胚是冷的，其他都挺好，牛蛙好吃。,1425,5.572398186
498,商品错配,负面,塔可里没有小龙虾，夹了一个奇怪的东西，不知道是什么？？？,- 塔可里没有小龙虾，夹了一个奇怪的东西，不知道是什么？？？咬了一口味道很怪就吐掉了。,1444,13.11072898
499,味道差,负面,咬了一口味道很怪就吐掉了。,- 塔可里没有小龙虾，夹了一个奇怪的东西，不知道是什么？？？咬了一口味道很怪就吐掉了。,1444,13.11072898
500,综合评价好,正面,好吃，爱吃,- 好吃，爱吃，但是蛙是蛙，鸡肉是鸡肉，没有融合的感觉啦，但是蛙很好吃，好想吃蛙蛙小食盘，就是他说没有了，呜呜呜呜,1479,14.65129018
501,牛蛙味道好,正面,但是蛙很好吃,- 好吃，爱吃，但是蛙是蛙，鸡肉是鸡肉，没有融合的感觉啦，但是蛙很好吃，好想吃蛙蛙小食盘，就是他说没有了，呜呜呜呜,1479,14.65129018
502,商品售罄,负面,就是他说没有了,- 好吃，爱吃，但是蛙是蛙，鸡肉是鸡肉，没有融合的感觉啦，但是蛙很好吃，好想吃蛙蛙小食盘，就是他说没有了，呜呜呜呜,1479,14.65129018
503,综合评价好,正面,塔可青年牛蛙鸡排挺有特色,- 塔可青年牛蛙鸡排挺有特色，就是太辣了。,1420,13.62342286
504,牛蛙味道辣,负面,就是太辣了,- 塔可青年牛蛙鸡排挺有特色，就是太辣了。,1420,13.62342286
505,综合评价好,正面,牛蛙塔可不错,- 牛蛙塔可不错，服务也很好，赞,1410,4.407558918
506,综合评价差,负面,牛蛙塔可报吃（bushi） 已推荐给讨厌的同事,- 牛蛙塔可报吃（bushi） 已推荐给讨厌的同事,1419,8.593361139
507,综合评价好,正面,塔可鲜嫩多汁真滴太好吃啦,- 塔可鲜嫩多汁真滴太好吃啦 下次还来！,1419,5.059083223
508,综合评价好,正面,牛蛙塔可，非常克苏鲁,- 牛蛙塔可，非常克苏鲁，哈哈哈哈哈,1415,4.981699944
509,牛蛙肉量多,正面,牛蛙肉好大啊！惊喜,- 牛蛙肉好大啊！惊喜,1407,6.766722918
510,牛蛙有骨头,负面,还以为牛蛙塔可得牛蛙没骨头，一口下去，差点硌牙,- 还以为牛蛙塔可得牛蛙没骨头，一口下去，差点硌牙…不过味道还不错,1436,8.147868156
511,味道好,正面,不过味道还不错,- 还以为牛蛙塔可得牛蛙没骨头，一口下去，差点硌牙…不过味道还不错,1436,8.147868156
512,综合评价好,正面,肯德基牛蛙塔可真的超级好吃呢,- 肯德基牛蛙塔可真的超级好吃呢 配餐小姐姐真的好温柔 配餐的速度真的超级快 分量超级足 配餐小姐姐态度真的超级温柔 下次我还来吃 耶耶耶,1485,14.30996394
513,出餐速度快,正面,配餐的速度真的超级快,- 肯德基牛蛙塔可真的超级好吃呢 配餐小姐姐真的好温柔 配餐的速度真的超级快 分量超级足 配餐小姐姐态度真的超级温柔 下次我还来吃 耶耶耶,1485,14.30996394
514,份量大,正面,分量超级足,- 肯德基牛蛙塔可真的超级好吃呢 配餐小姐姐真的好温柔 配餐的速度真的超级快 分量超级足 配餐小姐姐态度真的超级温柔 下次我还来吃 耶耶耶,1485,14.30996394
515,鸡排分量少,负面,鸡排有点小,- 鸡排有点小，没有完全包裹住美蛙，与宣传图片上的差异太大，希望改进,1432,14.18991494
516,综合评价差,负面,没有完全包裹住美蛙，与宣传图片上的差异太大，希望改进,- 鸡排有点小，没有完全包裹住美蛙，与宣传图片上的差异太大，希望改进,1432,14.18991494
517,味道好,正面,塔可好吃,- 塔可好吃,1398,4.050816059
518,牛蛙肉量少,负面,牛蛙就只是这么点,- 牛蛙就只是这么点,1402,3.947367907
519,综合评价好,正面,非常好吃牛蛙大喜欢,- 非常好吃牛蛙大喜欢,1408,11.5300951
520,牛蛙味道好,正面,非常好吃牛蛙大喜欢,- 非常好吃牛蛙大喜欢,1408,11.5300951
521,牛蛙肉量多,正面,牛蛙的真大,- 牛蛙的真大，真的真的很好。很优惠,1413,14.39785385
522,综合评价好,正面,真的真的很好,- 牛蛙的真大，真的真的很好。很优惠,1413,14.39785385
523,价格便宜,正面,很优惠,- 牛蛙的真大，真的真的很好。很优惠,1413,14.39785385
524,牛蛙味道腥,负面,牛蛙塔可很腥，吃不惯,- 牛蛙塔可很腥，吃不惯，别的都很好,1417,9.712544203
525,综合评价好,正面,别的都很好,- 牛蛙塔可很腥，吃不惯，别的都很好,1417,9.712544203
526,份量小,负面,越做越小了。以前吃过小龙虾塔可，感觉有现在的两倍大都不止,- 越做越小了。以前吃过小龙虾塔可，感觉有现在的两倍大都不止,1428,7.31132102
527,牛蛙肉质嫩,正面,牛蛙非常嫩,- 牛蛙非常嫩！好吃！,1406,9.125474215
528,味道好,正面,好吃,- 牛蛙非常嫩！好吃！,1406,9.125474215
529,综合评价好,正面,塔克好吃,- 塔克好吃,1399,5.422347069
530,牛蛙味道腥,负面,蛙还是有些腥味,- 蛙还是有些腥味，之后的处理希望尽可能避免出现这类情况,1426,7.41634202
531,牛蛙味道腥,负面,蛙还是有些腥味,- 蛙还是有些腥味，之后的处理希望尽可能避免出现这类情况,1426,8.964252949
532,酱料味道一般,负面,牛蛙的酱真的不好吃,- 牛蛙的酱真的不好吃,1406,5.471904039
533,综合评价好,正面,塔可青年 yyds,- 塔可青年 yyds,1400,8.733937025
534,牛蛙味道好,正面,牛蛙挺好吃,- 牛蛙挺好吃,1401,4.85699892
535,综合评价好,正面,新的塔可好吃呀！,- 新的塔可好吃呀！,1402,5.699112892
536,商品漏配,负面,取餐时餐巾纸、番茄酱、跳跳糖、吸管都没给,- 取餐时餐巾纸、番茄酱、跳跳糖、吸管都没给，自己又去要了好几趟，第一次取餐时蛙块暂时没有，等了好久也没有说可以去取，去问服务员，服务员已经忘记了短一份蛙块了。。。。,1497,25.78806114
537,出餐速度慢,负面,第一次取餐时蛙块暂时没有，等了好久也没有说可以去取,- 取餐时餐巾纸、番茄酱、跳跳糖、吸管都没给，自己又去要了好几趟，第一次取餐时蛙块暂时没有，等了好久也没有说可以去取，去问服务员，服务员已经忘记了短一份蛙块了。。。。,1497,25.78806114
538,商品漏配,负面,去问服务员，服务员已经忘记了短一份蛙块了,- 取餐时餐巾纸、番茄酱、跳跳糖、吸管都没给，自己又去要了好几趟，第一次取餐时蛙块暂时没有，等了好久也没有说可以去取，去问服务员，服务员已经忘记了短一份蛙块了。。。。,1497,25.78806114
539,商品漏配,负面,取餐时餐巾纸、番茄酱、跳跳糖、吸管都没给,- 取餐时餐巾纸、番茄酱、跳跳糖、吸管都没给，自己又去要了好几趟，第一次取餐时蛙块暂时没有，等了好久也没有说可以去取，去问服务员，服务员已经忘记了短一份蛙块了。。。。,1497,22.49354815
540,出餐速度慢,负面,第一次取餐时蛙块暂时没有，等了好久也没有说可以去取,- 取餐时餐巾纸、番茄酱、跳跳糖、吸管都没给，自己又去要了好几趟，第一次取餐时蛙块暂时没有，等了好久也没有说可以去取，去问服务员，服务员已经忘记了短一份蛙块了。。。。,1497,22.49354815
541,商品漏配,负面,去问服务员，服务员已经忘记了短一份蛙块了,- 取餐时餐巾纸、番茄酱、跳跳糖、吸管都没给，自己又去要了好几趟，第一次取餐时蛙块暂时没有，等了好久也没有说可以去取，去问服务员，服务员已经忘记了短一份蛙块了。。。。,1497,22.49354815
542,放置时间久,负面,两个新品塔可都放了很久的,- 两个新品塔可都放了很久的，口感特别差,1414,11.90560293
543,口感差,负面,口感特别差,- 两个新品塔可都放了很久的，口感特别差,1414,11.90560293
544,综合评价好,正面,好吃,- 好吃，就是太小，蛙肉鲜嫩,1414,14.11427498
545,份量小,负面,就是太小,- 好吃，就是太小，蛙肉鲜嫩,1414,14.11427498
546,牛蛙肉质嫩,正面,蛙肉鲜嫩,- 好吃，就是太小，蛙肉鲜嫩,1414,14.11427498
547,口感差,负面,牛蛙的新品吃着口感不好,- 牛蛙的新品吃着口感不好，这应该是食材的问题,1418,10.236655
548,食材不新鲜,负面,这应该是食材的问题,- 牛蛙的新品吃着口感不好，这应该是食材的问题,1418,10.236655
549,牛蛙味道好,正面,新的牛蛙很好吃,- 新的牛蛙很好吃,1403,5.380486012
550,鸡排炸得干/硬/焦,负面,塔可的鸡排炸的时间有点久，干老了,- 塔可的鸡排炸的时间有点久，干老了。,1414,9.59561801
551,综合评价一般,中性,牛蛙塔克不是太好吃,- 牛蛙塔克不是太好吃,1407,8.360767126
552,综合评价好,正面,总体的味道很好吃，食材新鲜，都是刚刚新炸好的，体验不错,- 刚刚买来新出的牛蛙塔可青年，总体的味道很好吃，食材新鲜，都是刚刚新炸好的，体验不错,1451,26.66490173
553,味道好,正面,总体的味道很好吃,- 刚刚买来新出的牛蛙塔可青年，总体的味道很好吃，食材新鲜，都是刚刚新炸好的，体验不错,1451,26.66490173
554,食材新鲜,正面,食材新鲜,- 刚刚买来新出的牛蛙塔可青年，总体的味道很好吃，食材新鲜，都是刚刚新炸好的，体验不错,1451,26.66490173
555,整体热/温,正面,都是刚刚新炸好的,- 刚刚买来新出的牛蛙塔可青年，总体的味道很好吃，食材新鲜，都是刚刚新炸好的，体验不错,1451,26.66490173
556,味道一般,中性,牛蛙的调味粉一般般,- 牛蛙的调味粉一般般,1407,5.402950048
557,综合评价好,正面,牛蛙他可还是可以的,- 牛蛙他可还是可以的，服务也挺好的,1409,5.497535944
558,综合评价好,正面,牛蛙塔克好吃,- 牛蛙塔克好吃,1403,6.288810968
559,牛蛙肉量多,正面,牛蛙大腿确实肉多,- 牛蛙大腿确实肉多,1405,5.895616055
560,酱料味道一般,负面,塔可酱不可以换吗，个人不喜欢吃,- 这只全鸡也就四肢好吃，感觉到鸡胸肉占一半难吃，塔可酱不可以换吗，个人不喜欢吃,1449,9.106939316
561,牛蛙肉量多,正面,牛蛙腿肉很多,- 牛蛙腿肉很多,1404,8.966795921
562,鸡排口感硬,负面,鸡排硬,- 牛蛙塔可，鸡排硬，不是很好吃,1414,12.55916286
563,味道差,负面,不是很好吃,- 牛蛙塔可，鸡排硬，不是很好吃,1414,12.55916286
564,牛蛙味道好,正面,牛蛙不错,- 牛蛙不错，就是饼不够大,1408,13.87395716
565,份量小,负面,就是饼不够大,- 牛蛙不错，就是饼不够大,1408,13.87395716
566,出餐速度慢,负面,出餐太慢，2个汉堡，2个塔克青年，出餐用了35分钟。,- 出餐太慢，2个汉堡，2个塔克青年，出餐用了35分钟。,1427,8.500784874
567,综合评价好,正面,牛蛙take不错哦,- 牛蛙take不错哦,1401,5.142047882
568,牛蛙味道差,负面,牛蛙hen不搓,- 牛蛙hen不搓kisskiss,1405,5.265443087
569,商品售罄,负面,牛蛙售罄了换了两个辣翅,- 服务态度超级棒，很愉快的购物，牛蛙售罄了换了两个辣翅,1429,4.888027906
570,酱料配比不合适,负面,那个蛙的调料粉能不能不要直接放,- 那个蛙的调料粉能不能不要直接放。,1410,8.018041134
571,牛蛙味道差,负面,蛙不好吃,- 蛙不好吃,1398,5.530699968
572,食材不新鲜,负面,薯条、鸡块、牛蛙塔可很不新鲜，提前准备好，而且明显超过赏味时间的,- 薯条、鸡块、牛蛙塔可很不新鲜，提前准备好，而且明显超过赏味时间的。其中薯条的油耗味比较重，全鸡中规中矩,1467,12.93103909
573,放置时间久,负面,薯条、鸡块、牛蛙塔可很不新鲜，提前准备好，而且明显超过赏味时间的,- 薯条、鸡块、牛蛙塔可很不新鲜，提前准备好，而且明显超过赏味时间的。其中薯条的油耗味比较重，全鸡中规中矩,1467,12.93103909
574,出餐速度慢,负面,下单约二十分钟后拿到塔可,- 下单约二十分钟后拿到塔可，这个时候吃炸鸡已经冷了。十二点一刻左右到餐厅，里面一片没有收的盘子，让人感觉很不舒服。,1462,23.14073586
575,整体冷/凉,负面,这个时候吃炸鸡已经冷了,- 下单约二十分钟后拿到塔可，这个时候吃炸鸡已经冷了。十二点一刻左右到餐厅，里面一片没有收的盘子，让人感觉很不舒服。,1462,23.14073586
576,不卫生,负面,十二点一刻左右到餐厅，里面一片没有收的盘子，让人感觉很不舒服,- 下单约二十分钟后拿到塔可，这个时候吃炸鸡已经冷了。十二点一刻左右到餐厅，里面一片没有收的盘子，让人感觉很不舒服。,1462,23.14073586
577,放置时间久,负面,薯条是已经炸好很久的那种，不够酥了,- 除了薯条是已经炸好很久的那种，不够酥了，其他的都很好吃，哦对，塔克稍微有一点辣， 里面的牛蛙是有骨头的，不要一口吞，上的还是很快的，整体可以,1484,26.58799529
578,综合评价好,正面,其他的都很好吃,- 除了薯条是已经炸好很久的那种，不够酥了，其他的都很好吃，哦对，塔克稍微有一点辣， 里面的牛蛙是有骨头的，不要一口吞，上的还是很快的，整体可以,1484,26.58799529
579,牛蛙味道辣,负面,塔克稍微有一点辣,- 除了薯条是已经炸好很久的那种，不够酥了，其他的都很好吃，哦对，塔克稍微有一点辣， 里面的牛蛙是有骨头的，不要一口吞，上的还是很快的，整体可以,1484,26.58799529
580,牛蛙有骨头,负面,里面的牛蛙是有骨头的，不要一口吞,- 除了薯条是已经炸好很久的那种，不够酥了，其他的都很好吃，哦对，塔克稍微有一点辣， 里面的牛蛙是有骨头的，不要一口吞，上的还是很快的，整体可以,1484,26.58799529
581,出餐速度快,正面,上的还是很快的,- 除了薯条是已经炸好很久的那种，不够酥了，其他的都很好吃，哦对，塔克稍微有一点辣， 里面的牛蛙是有骨头的，不要一口吞，上的还是很快的，整体可以,1484,26.58799529
582,综合评价一般,中性,整体可以,- 除了薯条是已经炸好很久的那种，不够酥了，其他的都很好吃，哦对，塔克稍微有一点辣， 里面的牛蛙是有骨头的，不要一口吞，上的还是很快的，整体可以,1484,26.58799529
583,综合评价好,正面,服务很棒,- 服务很棒，牛蛙很好吃,1408,7.577763796
584,牛蛙味道好,正面,牛蛙很好吃,- 服务很棒，牛蛙很好吃,1408,7.577763796
585,综合评价好,正面,服务很棒,- 服务很棒，牛蛙很好吃,1408,7.955450058
586,牛蛙味道好,正面,牛蛙很好吃,- 服务很棒，牛蛙很好吃,1408,7.955450058
587,综合评价好,正面,塔克不错,- 塔克不错,1398,6.21227479
588,牛蛙味道好,正面,牛蛙好吃,- 牛蛙好吃,1399,4.418555021
589,商品售罄,中性,龙虾塔克啥时候返啊,- 龙虾塔克啥时候返啊,1409,4.932554245
590,综合评价差,负面,牛蛙塔跟小龙虾塔可比起来，差太多,- 牛蛙塔跟小龙虾塔可比起来，差太多。首先包装简陋，其次味道一塌糊涂，又干又柴，甚至比不上市面上的任何一家炸鸡店。希望官方好好改进，没有好的新产品的话，把原有的好东西继续保持就可以，比如古早的田园脆鸡堡等。,1528,25.22223783
591,包装简陋,负面,首先包装简陋,- 牛蛙塔跟小龙虾塔可比起来，差太多。首先包装简陋，其次味道一塌糊涂，又干又柴，甚至比不上市面上的任何一家炸鸡店。希望官方好好改进，没有好的新产品的话，把原有的好东西继续保持就可以，比如古早的田园脆鸡堡等。,1528,25.22223783
592,味道差,负面,其次味道一塌糊涂,- 牛蛙塔跟小龙虾塔可比起来，差太多。首先包装简陋，其次味道一塌糊涂，又干又柴，甚至比不上市面上的任何一家炸鸡店。希望官方好好改进，没有好的新产品的话，把原有的好东西继续保持就可以，比如古早的田园脆鸡堡等。,1528,25.22223783
593,口感差,负面,又干又柴,- 牛蛙塔跟小龙虾塔可比起来，差太多。首先包装简陋，其次味道一塌糊涂，又干又柴，甚至比不上市面上的任何一家炸鸡店。希望官方好好改进，没有好的新产品的话，把原有的好东西继续保持就可以，比如古早的田园脆鸡堡等。,1528,25.22223783
594,商品错配,负面,两个塔可一个有牛蛙一个没有,- 两个塔可一个有牛蛙一个没有,1406,4.656954765
595,商品错配,负面,两个牛蛙塔可，一个有牛蛙，一个没牛蛙,- 两个牛蛙塔可，一个有牛蛙，一个没牛蛙,1418,5.76429987
596,味道好,正面,塔可很好吃,- 塔可很好吃，小姐姐很热情,1412,4.351284981
597,整体不熟,负面,牛蛙塔可肉是生的,- 牛蛙塔可肉是生的,1404,5.062652826
598,味道好,正面,新牛蛙塔可味道不错！,- 新牛蛙塔可味道不错！,1406,6.356481075
599,牛蛙味道好,正面,新品的牛蛙味道还是不错的,- 新品的牛蛙味道还是不错的,1407,5.561751127
600,整体热/温,正面,第一个taco堂食吃的是热的,- 我购买了两个taco，第一个taco堂食吃的是热的并且口感细嫩吃起来很棒，第二个taco我是外带吃的中间也就过了5分钟左右，在车上食用时发现taco跟第一个taco差别巨大外面的鸡肉很硬没有口感，并且分量比第一个taco小,1509,33.19645476
601,口感好,正面,并且口感细嫩吃起来很棒,- 我购买了两个taco，第一个taco堂食吃的是热的并且口感细嫩吃起来很棒，第二个taco我是外带吃的中间也就过了5分钟左右，在车上食用时发现taco跟第一个taco差别巨大外面的鸡肉很硬没有口感，并且分量比第一个taco小,1509,33.19645476
602,整体冷/凉,负面,第二个taco我是外带吃的中间也就过了5分钟左右，在车上食用时发现taco跟第一个taco差别巨大,- 我购买了两个taco，第一个taco堂食吃的是热的并且口感细嫩吃起来很棒，第二个taco我是外带吃的中间也就过了5分钟左右，在车上食用时发现taco跟第一个taco差别巨大外面的鸡肉很硬没有口感，并且分量比第一个taco小,1509,33.19645476
603,鸡排口感硬,负面,外面的鸡肉很硬没有口感,- 我购买了两个taco，第一个taco堂食吃的是热的并且口感细嫩吃起来很棒，第二个taco我是外带吃的中间也就过了5分钟左右，在车上食用时发现taco跟第一个taco差别巨大外面的鸡肉很硬没有口感，并且分量比第一个taco小,1509,33.19645476
604,份量小,负面,并且分量比第一个taco小,- 我购买了两个taco，第一个taco堂食吃的是热的并且口感细嫩吃起来很棒，第二个taco我是外带吃的中间也就过了5分钟左右，在车上食用时发现taco跟第一个taco差别巨大外面的鸡肉很硬没有口感，并且分量比第一个taco小,1509,33.19645476
605,综合评价好,正面,牛蛙塔可青年（传奇港式风味）好吃,- 牛蛙塔可青年（传奇港式风味）好吃,1417,8.215881109
606,综合评价好,正面,牛蛙塔克挺好吃的，用餐体验不错，服务好,- 牛蛙塔克挺好吃的，用餐体验不错，服务好，香骨鸡也很好吃,1433,5.966128111
607,综合评价差,负面,新品塔克不好吃,- 新品塔克不好吃,1401,4.773350954
608,整体不熟,负面,塔可的鸡肉不熟,- 塔可的鸡肉不熟，吃完一口血腥味,1418,8.80085516
609,味道差,负面,吃完一口血腥味,- 塔可的鸡肉不熟，吃完一口血腥味,1418,8.80085516
610,出餐速度慢,负面,我买的两个塔可，东西已经有了，我说我等的着急能不能先给我做，服务员说要按顺序来，结果236做完后，服务员去打可乐了，我是237，又不给我按顺序做了,- 以后 不会再来这家店，人不多，我买的两个塔可，东西已经有了，我说我等的着急能不能先给我做，服务员说要按顺序来，结果236做完后，服务员去打可乐了，我是237，又不给我按顺序做了，非常生气,1488,13.570678
611,综合评价好,正面,非常好,- 非常好 牛蛙汁水多 好吃,1410,12.24246216
612,牛蛙肉质嫩,正面,牛蛙汁水多,- 非常好 牛蛙汁水多 好吃,1410,12.24246216
613,味道好,正面,好吃,- 非常好 牛蛙汁水多 好吃,1410,12.24246216
614,综合评价一般,中性,来尝鲜的，和同事的混着吃，觉得小龙虾塔可会好一点。,- 来尝鲜的，和同事的混着吃，觉得小龙虾塔可会好一点。,1426,7.20550704
615,牛蛙新鲜度差,负面,牛蛙不新鲜,- 牛蛙不新鲜还有骨头,1407,9.110610962
616,牛蛙有骨头,负面,还有骨头,- 牛蛙不新鲜还有骨头,1407,9.110610962
617,综合评价一般,中性,肯德基居然出牛蛙？,- 肯德基居然出牛蛙？,1406,8.477174997
618,出餐速度慢,负面,出餐太慢了 点了两个塔可已经做好了迟迟不配餐,- 出餐太慢了 点了两个塔可已经做好了迟迟不配餐。最后是门口的服务员小姐姐过来配的 很不满意,1449,13.24709916
619,综合评价差,负面,最后是门口的服务员小姐姐过来配的 很不满意,- 出餐太慢了 点了两个塔可已经做好了迟迟不配餐。最后是门口的服务员小姐姐过来配的 很不满意,1449,13.24709916
620,牛蛙味道腥,负面,牛蛙太腥了,- 牛蛙太腥了…口感不好,1407,9.412047148
621,口感差,负面,口感不好,- 牛蛙太腥了…口感不好,1407,9.412047148
622,综合评价差,负面,塔可太难吃了,- 塔可太难吃了，炸的一点不脆,1413,10.53104782
623,鸡排酥脆度差,负面,炸的一点不脆,- 塔可太难吃了，炸的一点不脆,1413,10.53104782
624,出餐速度慢,负面,备餐出奇的慢，作为新品塔可居然没有一定量的储备，等了好久，即使前台工作者不断催促后厨,- 备餐出奇的慢，作为新品塔可居然没有一定量的储备，等了好久，即使前台工作者不断催促后厨,1444,8.789417028
625,综合评价好,正面,新的塔可很好吃,- 新的塔可很好吃，牛蛙肉非常嫩,1414,13.66351509
626,牛蛙肉质嫩,正面,牛蛙肉非常嫩,- 新的塔可很好吃，牛蛙肉非常嫩,1414,13.66351509
627,综合评价好,正面,牛蛙塔可很棒哦,- 牛蛙塔可很棒哦,1405,6.203270912
628,综合评价好,正面,塔可做的很完美,- 塔可做的很完美,1402,4.112323046
629,牛蛙味道好,正面,牛蛙好吃,- 牛蛙好吃,1399,5.555085897
630,综合评价好,正面,尝了新品塔可很好吃！,- 尝了新品塔可很好吃！,1405,5.398585796
631,综合评价好,正面,体验很好，餐厅很干净,- 体验很好，餐厅很干净。不过还是喜欢吃小龙虾塔可，希望再次回归,1438,5.277302027
632,出餐速度慢,负面,等餐等了很久,- 等餐等了很久，而且有一个牛蛙塔可的鸡肉像没完全熟啊！！,1433,12.54983401
633,整体不熟,负面,而且有一个牛蛙塔可的鸡肉像没完全熟啊,- 等餐等了很久，而且有一个牛蛙塔可的鸡肉像没完全熟啊！！,1433,12.54983401
634,味道差,负面,塔可味道不是很接受,- 塔可味道不是很接受。,1405,4.650229692
635,综合评价差,负面,塔克吃着怪怪的,- 塔克吃着怪怪的包裹着牛蛙的皮软踏踏的像放了很久，原味鸡也是没有汁水很干感觉像剩了很久的。,1462,21.57383204
636,放置时间久,负面,包裹着牛蛙的皮软踏踏的像放了很久,- 塔克吃着怪怪的包裹着牛蛙的皮软踏踏的像放了很久，原味鸡也是没有汁水很干感觉像剩了很久的。,1462,21.57383204
637,鸡排口感硬,负面,原味鸡也是没有汁水很干感觉像剩了很久的,- 塔克吃着怪怪的包裹着牛蛙的皮软踏踏的像放了很久，原味鸡也是没有汁水很干感觉像剩了很久的。,1462,21.57383204
638,综合评价好,正面,整体可以的,- 作为麦肯德汉混徒，一心支持汉堡业的蓬勃发展。肯家新品基本都会尝试，今天试了牛蛙塔可，味道还行，小龙虾塔可里面龙虾太少了，整体可以的,1481,9.224617958
639,味道一般,中性,牛蛙塔可，味道还行,- 作为麦肯德汉混徒，一心支持汉堡业的蓬勃发展。肯家新品基本都会尝试，今天试了牛蛙塔可，味道还行，小龙虾塔可里面龙虾太少了，整体可以的,1481,9.224617958
640,牛蛙肉质嫩,正面,牛蛙口感可以,- 牛蛙口感可以，但是鸡排食之无味，需要搭配酱料改进增加鸡排口感。,1432,14.25443006
641,鸡排口感差,负面,鸡排食之无味,- 牛蛙口感可以，但是鸡排食之无味，需要搭配酱料改进增加鸡排口感。,1432,14.25443006
642,酱料配比不合适,负面,需要搭配酱料改进增加鸡排口感,- 牛蛙口感可以，但是鸡排食之无味，需要搭配酱料改进增加鸡排口感。,1432,14.25443006
643,味道好,正面,好吃是好吃,- 好吃是好吃就是这个塔可量太少了,1412,9.681563854
644,份量小,负面,就是这个塔可量太少了,- 好吃是好吃就是这个塔可量太少了,1412,9.681563854
645,综合评价一般,中性,就是新出的牛蛙塔克有点一般般,- 就是新出的牛蛙塔克有点一般般,1413,6.220734835
646,牛蛙味道辣,负面,牛蛙塔可吃着太辣了,- 牛蛙塔可吃着太辣了，希望可以出微辣和其他口味的，服务态度一般，总体多加改善才是,1442,13.05660796
647,综合评价一般,中性,服务态度一般，总体多加改善才是,- 牛蛙塔可吃着太辣了，希望可以出微辣和其他口味的，服务态度一般，总体多加改善才是,1442,13.05660796
648,综合评价好,正面,服务好,- 服务好  塔克好吃,1403,6.36622715
649,味道好,正面,塔克好吃,- 服务好  塔克好吃,1403,6.36622715
650,份量小,负面,龙虾塔克里的龙虾少了一点,- 龙虾塔克里的龙虾少了一点，建议多放点,1416,4.697508097
651,放置时间久,负面,这次牛蛙塔可放的时间太久,- 这次牛蛙塔可放的时间太久，口感很差,1416,10.80788898
652,口感差,负面,口感很差,- 这次牛蛙塔可放的时间太久，口感很差,1416,10.80788898
653,综合评价差,负面,就这？这叫塔可？,- 就这？这叫塔可？,1401,6.014277935
654,牛蛙肉量少,负面,就是感觉就吃了蛙的两条腿,- 就是感觉就吃了蛙的两条腿，有点不值,1415,15.62753987
655,价格贵,负面,有点不值,- 就是感觉就吃了蛙的两条腿，有点不值,1415,15.62753987
656,牛蛙有骨头,负面,牛蛙应该去骨,- 牛蛙应该去骨，炸鸡没有跟牛蛙一起现炸，都冷了,1428,12.03689218
657,整体冷/凉,负面,炸鸡没有跟牛蛙一起现炸，都冷了,- 牛蛙应该去骨，炸鸡没有跟牛蛙一起现炸，都冷了,1428,12.03689218
658,味道一般,中性,牛蛙塔可味道一般,- 牛蛙塔可味道一般,1405,5.027691603
659,牛蛙味道好,正面,牛蛙好吃,- 牛蛙好吃,1399,7.536655903
660,牛蛙有骨头,负面,感觉要是里面的牛蛙是去骨的就好了,- 尝试了牛蛙taco，感觉要是里面的牛蛙是去骨的就好了。,1425,8.753035069
661,味道差,负面,牛蛙不好吃,- 牛蛙不好吃，没有小龙虾好吃。牛蛙有骨头。,1421,14.10476017
662,牛蛙有骨头,负面,牛蛙有骨头,- 牛蛙不好吃，没有小龙虾好吃。牛蛙有骨头。,1421,14.10476017
663,综合评价好,正面,好吃，支持新品（牛蛙塔可）,- 好吃，支持新品（牛蛙塔可）,1410,7.588507175
664,味道好,正面,牛蛙塔可好吃哦,- 牛蛙塔可好吃哦,1404,5.355288029
665,商品漏配,负面,要不是我看了一眼，就给我少了一个超级塔可,- 服了，要不是我看了一眼，就给我少了一个超级塔可,1416,5.89648819
666,份量小,负面,塔可太小,- 塔可太小,1398,4.243571997
667,份量小,负面,塔可太小,- 塔可太小,1398,3.717234135
668,商品售罄,负面,今天没有吃到牛蛙,- 今天没有吃到牛蛙，下次再来。但是小姐姐服务很好,1420,5.457593679
669,出餐速度慢,负面,等个牛蛙塔可等半个多小时，开始问店员的时候说十分钟，过了十分钟去问说还要等，然后又等了十几分钟。,- 等个牛蛙塔可等半个多小时，开始问店员的时候说十分钟，过了十分钟去问说还要等，然后又等了十几分钟。吃上肯德基的新品真难啊,1460,11.9705081
670,综合评价一般,中性,今天冲着牛蛙买的  还不擦啊还不擦,- 今天冲着牛蛙买的  还不擦啊还不擦,1420,6.550090075
671,酱料太少,负面,备注的塔可酱多放 结果基本没什么酱,- 备注的塔可酱多放 结果基本没什么酱  而且大份薯条也太少了,1431,12.56636906
672,份量小,负面,而且大份薯条也太少了,- 备注的塔可酱多放 结果基本没什么酱  而且大份薯条也太少了,1431,12.56636906
673,味道好,正面,牛蛙塔可味道还是可以的,- 牛蛙塔可味道还是可以的,1406,4.847255707
674,综合评价一般,中性,小孩说还可以,- 第一次吃牛蛙套餐，小孩说还可以,1413,4.840298891
675,综合评价好,正面,牛蛙新品很好吃很不错,- 牛蛙新品很好吃很不错,1407,9.826145172
676,商品售罄,负面,鸡蛙蛙拼盘没有了,- 鸡蛙蛙拼盘没有了，换成了小食拼盘里面三份鸡米花,1427,13.08173633
677,商品错配,负面,换成了小食拼盘里面三份鸡米花,- 鸡蛙蛙拼盘没有了，换成了小食拼盘里面三份鸡米花,1427,13.08173633
678,商品错配,负面,虽然塔克用错了蛙腿肉,- 第一次点这家的，虽然塔克用错了蛙腿肉但态度很好，心情还不错好评,1431,11.21077299
679,综合评价好,正面,态度很好，心情还不错好评,- 第一次点这家的，虽然塔克用错了蛙腿肉但态度很好，心情还不错好评,1431,11.21077299
680,牛蛙肉量多,正面,塔可的牛蛙腿又大,- 塔可的牛蛙腿又大又嫩，就是酱一般，炸鸡部分老了,1432,23.70068026
681,牛蛙肉质嫩,正面,塔可的牛蛙腿又嫩,- 塔可的牛蛙腿又大又嫩，就是酱一般，炸鸡部分老了,1432,23.70068026
682,酱料味道一般,中性,就是酱一般,- 塔可的牛蛙腿又大又嫩，就是酱一般，炸鸡部分老了,1432,23.70068026
683,鸡排口感硬,负面,炸鸡部分老了,- 塔可的牛蛙腿又大又嫩，就是酱一般，炸鸡部分老了,1432,23.70068026
684,味道差,负面,塔克不好吃,- 塔克不好吃,1400,4.499275208
685,出餐速度慢,负面,去的时候正好是饭点，很多桌子上的剩余餐食无人处理，也看不到服务员，她们都在后厨忙，后来找到吧台的人叫她来收拾的,- 太久没去肯德基，此肯德基非以前的肯德基，去的时候正好是饭点，很多桌子上的剩余餐食无人处理，也看不到服务员，她们都在后厨忙，后来找到吧台的人叫她来收拾的，然后，塔可也太迷你了，大份鸡米花就像是小份，好失望，以后再也不去了,1529,19.250947
686,份量小,负面,塔可也太迷你了，大份鸡米花就像是小份,- 太久没去肯德基，此肯德基非以前的肯德基，去的时候正好是饭点，很多桌子上的剩余餐食无人处理，也看不到服务员，她们都在后厨忙，后来找到吧台的人叫她来收拾的，然后，塔可也太迷你了，大份鸡米花就像是小份，好失望，以后再也不去了,1529,19.250947
687,综合评价差,负面,好失望，以后再也不去了,- 太久没去肯德基，此肯德基非以前的肯德基，去的时候正好是饭点，很多桌子上的剩余餐食无人处理，也看不到服务员，她们都在后厨忙，后来找到吧台的人叫她来收拾的，然后，塔可也太迷你了，大份鸡米花就像是小份，好失望，以后再也不去了,1529,19.250947
688,综合评价好,正面,新品牛蛙好吃,- 新品牛蛙好吃,1401,4.884803057
689,综合评价好,正面,新品牛蛙不错,- 新品牛蛙不错，不过就是爱吃辣的人觉得辣椒面少了，希望多送一袋辣椒面,1440,9.892572165
690,酱料太少,负面,就是爱吃辣的人觉得辣椒面少了，希望多送一袋辣椒面,- 新品牛蛙不错，不过就是爱吃辣的人觉得辣椒面少了，希望多送一袋辣椒面,1440,9.892572165
691,味道好,正面,塔可很好吃,- 塔可很好吃,1400,4.543647051
692,整体冷/凉,负面,奥尔良鸡翅跟塔可的温度更高点会好,- 奥尔良鸡翅不晓得是不是儿童餐的缘故，不入味，奥尔良鸡翅跟塔可的温度更高点会好,1454,7.065592766
693,综合评价好,正面,牛蛙塔克真棒,- 牛蛙塔克真棒，味道好极了,1411,12.04863119
694,味道好,正面,味道好极了,- 牛蛙塔克真棒，味道好极了,1411,12.04863119
695,出餐速度慢,负面,这次因为出的比较慢，我的牛蛙塔可等了很久,- 这次因为出的比较慢，我的牛蛙塔可等了很久，店员有礼貌，还送了我一份土豆泥，必须好评,1446,12.96605492
696,综合评价好,正面,店员有礼貌，还送了我一份土豆泥，必须好评,- 这次因为出的比较慢，我的牛蛙塔可等了很久，店员有礼貌，还送了我一份土豆泥，必须好评,1446,12.96605492
697,放置时间久,负面,东西放的时间过久,- 东西放的时间过久，吃起来有的地方都嚼不动，特别老基本上没汁水，鸡腿外表皮都黑了，应该是超期未废弃的，可能我去的时间点不对，塔克第一次吃不做评论,1475,20.39998722
698,口感差,负面,吃起来有的地方都嚼不动，特别老,- 东西放的时间过久，吃起来有的地方都嚼不动，特别老基本上没汁水，鸡腿外表皮都黑了，应该是超期未废弃的，可能我去的时间点不对，塔克第一次吃不做评论,1475,20.39998722
699,整体过分熟,负面,鸡腿外表皮都黑了，应该是超期未废弃的,- 东西放的时间过久，吃起来有的地方都嚼不动，特别老基本上没汁水，鸡腿外表皮都黑了，应该是超期未废弃的，可能我去的时间点不对，塔克第一次吃不做评论,1475,20.39998722
700,综合评价一般,中性,塔克第一次吃不做评论,- 东西放的时间过久，吃起来有的地方都嚼不动，特别老基本上没汁水，鸡腿外表皮都黑了，应该是超期未废弃的，可能我去的时间点不对，塔克第一次吃不做评论,1475,20.39998722
701,综合评价好,正面,牛蛙塔可好好吃,- 牛蛙塔可好好吃,1403,5.936079741
702,综合评价好,正面,一个龙虾塔可一个牛蛙塔克都很好吃,- 不错，一个龙虾塔可一个牛蛙塔克都很好吃！！,1419,7.885458946
703,放置时间久,负面,牛蛙塔克明显是放了很久的,- 牛蛙塔克明显是放了很久的。。鸡排很硬很硬,1424,9.545099974
704,鸡排口感硬,负面,鸡排很硬很硬,- 牛蛙塔克明显是放了很久的。。鸡排很硬很硬,1424,9.545099974
705,酱料太少,负面,酱少,- 小龙虾超级塔克，酱少，塔克散了,1416,10.65389323
706,包装不方便,负面,塔克散了,- 小龙虾超级塔克，酱少，塔克散了,1416,10.65389323
707,味道好,正面,牛蛙塔可美味的很,- 牛蛙塔可美味的很,1405,5.469212294
708,鸡排口感硬,负面,外面那一层是鸡肉还是什么的太硬了,- 新出的这个牛蛙taco，外面那一层是鸡肉还是什么的太硬了，凉的很快，吃起来渣渣的口感。。牛蛙腿和外面那一层炸的硬壳完全是分离的，既没有汁水也没有什么口感。。这实在不太成功。,1502,25.76107907
709,整体冷/凉,负面,凉的很快,- 新出的这个牛蛙taco，外面那一层是鸡肉还是什么的太硬了，凉的很快，吃起来渣渣的口感。。牛蛙腿和外面那一层炸的硬壳完全是分离的，既没有汁水也没有什么口感。。这实在不太成功。,1502,25.76107907
710,口感差,负面,吃起来渣渣的口感,- 新出的这个牛蛙taco，外面那一层是鸡肉还是什么的太硬了，凉的很快，吃起来渣渣的口感。。牛蛙腿和外面那一层炸的硬壳完全是分离的，既没有汁水也没有什么口感。。这实在不太成功。,1502,25.76107907
711,牛蛙肉质硬,负面,牛蛙腿和外面那一层炸的硬壳完全是分离的,- 新出的这个牛蛙taco，外面那一层是鸡肉还是什么的太硬了，凉的很快，吃起来渣渣的口感。。牛蛙腿和外面那一层炸的硬壳完全是分离的，既没有汁水也没有什么口感。。这实在不太成功。,1502,25.76107907
712,综合评价差,负面,这实在不太成功,- 新出的这个牛蛙taco，外面那一层是鸡肉还是什么的太硬了，凉的很快，吃起来渣渣的口感。。牛蛙腿和外面那一层炸的硬壳完全是分离的，既没有汁水也没有什么口感。。这实在不太成功。,1502,25.76107907
713,综合评价好,正面,肯德基的塔可青年非常好吃,- 肯德基的塔可青年非常好吃，我感觉口味非常好,1420,11.32137704
714,味道好,正面,我感觉口味非常好,- 肯德基的塔可青年非常好吃，我感觉口味非常好,1420,11.32137704
715,份量小,负面,塔克做大点吧,- 塔克做大点吧,1402,4.555752993
716,味道好,正面,牛蛙塔可味道还不错,- 牛蛙塔可味道还不错,1405,4.197890997
717,份量小,负面,小食拼盘的量比较少,- 小食拼盘的量比较少，炸牛蛙不好吃,1418,8.861437798
718,味道差,负面,炸牛蛙不好吃,- 小食拼盘的量比较少，炸牛蛙不好吃,1418,8.861437798
719,综合评价差,负面,好坑的塔可,- 好坑的塔可，纯纯14买个鸡扒，大怨种了,1420,10.12188292
720,价格贵,负面,纯纯14买个鸡扒,- 好坑的塔可，纯纯14买个鸡扒，大怨种了,1420,10.12188292
721,综合评价好,正面,非常希望小龙虾塔可和嫩牛五方经常返场！,- 非常希望小龙虾塔可和嫩牛五方经常返场！,1421,6.193267107
722,牛蛙味道辣,负面,牛蛙塔可是辣的，怎么不标注呢？,- 牛蛙塔可是辣的，怎么不标注呢？,1412,7.287859917
723,味道好,正面,塔克味道不错,- 塔克味道不错,1401,3.791394949
724,整体冷/凉,负面,塔克的鸡排都是冷的,- 塔克的鸡排都是冷的,1406,5.933932066
725,综合评价好,正面,今天来试了新品牛蛙塔可，还不错,- 今天来试了新品牛蛙塔可，还不错，有点微微辣！不过这边服务态度很好 ！,1432,9.148200035
726,牛蛙味道辣,中性,有点微微辣,- 今天来试了新品牛蛙塔可，还不错，有点微微辣！不过这边服务态度很好 ！,1432,9.148200035
727,商品售罄,负面,想吃的牛蛙塔可明明没有货,- 想吃的牛蛙塔可明明没有货，还列在商品列表里，出餐整体速度很慢。,1430,10.55495286
728,出餐速度慢,负面,出餐整体速度很慢,- 想吃的牛蛙塔可明明没有货，还列在商品列表里，出餐整体速度很慢。,1430,10.55495286
729,商品错配,负面,点了双层牛肉堡，包装也是双层牛肉堡，结果里面是个塔可,- 点了双层牛肉堡，包装也是双层牛肉堡，结果里面是个塔可,1428,5.968477011
730,包装简陋,负面,包装用早餐袋子，里面都是撒的,- 点了牛蛙的，包装用早餐袋子，里面都是撒的,1420,5.182066917
731,综合评价差,负面,不如小龙虾塔可,- 不如小龙虾塔可,1401,10.42297792
732,牛蛙新鲜度好,正面,牛蛙新鲜,- 牛蛙新鲜,1400,4.464310884
733,鸡排口感好,正面,塔可的鸡块一如既往的好吃,- 塔可的鸡块一如既往的好吃，上面的龙虾/蛙肉就不咋地了，不如直接点鸡扒吃,1445,14.52729917
734,牛蛙味道差,负面,上面的龙虾/蛙肉就不咋地了,- 塔可的鸡块一如既往的好吃，上面的龙虾/蛙肉就不咋地了，不如直接点鸡扒吃,1445,14.52729917
735,出餐速度慢,负面,等一个牛蛙等了二十分钟,- 等一个牛蛙等了二十分钟 其他的都冷掉了 薯条 鸡块 鸡腿,1430,18.48830485
736,整体冷/凉,负面,其他的都冷掉了,- 等一个牛蛙等了二十分钟 其他的都冷掉了 薯条 鸡块 鸡腿,1430,18.48830485
737,鸡排酥脆度差,负面,塔可不脆，最后一口才吃到脆,- 塔可不脆，最后一口才吃到脆。服务人员态度很好，环境干净,1429,10.95943594
738,综合评价好,正面,服务人员态度很好，环境干净,- 塔可不脆，最后一口才吃到脆。服务人员态度很好，环境干净,1429,10.95943594
739,味道差,负面,味道不好,- 味道不好，鸡排太硬了是冷的，牛蛙太太太太咸了,1429,22.34409595
740,鸡排口感硬,负面,鸡排太硬了,- 味道不好，鸡排太硬了是冷的，牛蛙太太太太咸了,1429,22.34409595
741,整体冷/凉,负面,是冷的,- 味道不好，鸡排太硬了是冷的，牛蛙太太太太咸了,1429,22.34409595
742,牛蛙味道腥,负面,牛蛙太太太太咸了,- 味道不好，鸡排太硬了是冷的，牛蛙太太太太咸了,1429,22.34409595
743,鸡排酥脆度差,负面,塔可不太香脆,- 塔可不太香脆,1403,4.352915049
744,放置时间久,负面,菜品已经凉了，无论是外面的鸡肉还是里面的牛蛙，明显感受到已经放了很久的,- 中午那份牛蛙塔可，应该是赶上饭点，餐厅提前做好了的。菜品已经凉了，无论是外面的鸡肉还是里面的牛蛙，明显感受到已经放了很久的,1476,11.69681096
745,整体冷/凉,负面,菜品已经凉了,- 中午那份牛蛙塔可，应该是赶上饭点，餐厅提前做好了的。菜品已经凉了，无论是外面的鸡肉还是里面的牛蛙，明显感受到已经放了很久的,1476,11.69681096
746,综合评价一般,中性,这个牛蛙还可以,- 这个牛蛙还可以但是没有龙虾的好吃,1412,7.058704138
747,综合评价差,负面,牛蛙塔可不好吃,- 牛蛙塔可不好吃 建议小龙虾塔可回归,1418,5.236829042
748,综合评价好,正面,新品塔克特别好吃，强烈推荐,- 鸡米花很好吃，新品塔克特别好吃，强烈推荐,1423,6.532098055
749,味道好,正面,味道不错,- 味道不错，塔可比想象中小了点,1409,9.822473288
750,份量小,负面,塔可比想象中小了点,- 味道不错，塔可比想象中小了点,1409,9.822473288
751,综合评价好,正面,塔可也好吃！有点小辣，男朋友说比上次的塔可好吃 我觉得还行！,- 烤堡好难吃啊…比麦当劳的难吃！！吮指鸡真好吃！还比别的门店大块！真不错最好吃！塔可也好吃！有点小辣，男朋友说比上次的塔可好吃 我觉得还行！,1483,11.26653695
752,牛蛙味道辣,中性,有点小辣,- 烤堡好难吃啊…比麦当劳的难吃！！吮指鸡真好吃！还比别的门店大块！真不错最好吃！塔可也好吃！有点小辣，男朋友说比上次的塔可好吃 我觉得还行！,1483,11.26653695
753,综合评价差,负面,青蛙塔可不好吃,- 青蛙塔可不好吃，小龙虾塔可上线,1415,6.072222948
754,出餐速度快,正面,出餐迅速,- 出餐迅速，汉堡塔可都很足配料,1414,10.23472118
755,份量大,正面,汉堡塔可都很足配料,- 出餐迅速，汉堡塔可都很足配料,1414,10.23472118
756,综合评价好,正面,牛蛙塔卡很好吃,- 牛蛙塔卡很好吃,1405,4.612585068
757,综合评价好,正面,牛蛙塔卡很好吃,- 牛蛙塔卡很好吃,1405,5.683697939
758,份量小,负面,塔可分量少到让人想退单,- 塔可分量少到让人想退单,1406,5.734010935
759,牛蛙味道腥,负面,牛蛙肉感觉有点儿腥,- 牛蛙肉感觉有点儿腥，其他都挺好的,1416,11.78232884
760,综合评价好,正面,其他都挺好的,- 牛蛙肉感觉有点儿腥，其他都挺好的,1416,11.78232884
761,牛蛙味道好,正面,牛蛙腿真的很好吃！,- 牛蛙腿真的很好吃！,1407,5.394520998
762,整体不熟,负面,牛蛙塔克里的鸡肉都没熟,- 牛蛙塔克里的鸡肉都没熟,1412,5.547942162
763,整体冷/凉,负面,牛蛙塔可是冷的,- 牛蛙塔可是冷的。。。,1404,5.074898005
764,牛蛙味道辣,中性,牛蛙有点辣,- 牛蛙有点辣还不错小孩不吃,1409,12.05750585
765,综合评价好,正面,还不错,- 牛蛙有点辣还不错小孩不吃,1409,12.05750585
766,出餐速度慢,负面,塔可出餐太慢,- 塔可出餐太慢,1404,5.353590965
767,综合评价好,正面,小塔可真的挺好吃,- 小塔可真的挺好吃,1403,6.157254934
768,综合评价好,正面,牛蛙塔可好好吃,- 牛蛙塔可好好吃,1403,4.301537991
769,牛蛙肉质硬,负面,那个蛙啊，建议小块一点，吃到了一块比较大的没有完全熟,- 那个蛙啊，建议小块一点，吃到了一块比较大的没有完全熟，有面糊……,1434,12.27632689
770,整体不熟,负面,吃到了一块比较大的没有完全熟,- 那个蛙啊，建议小块一点，吃到了一块比较大的没有完全熟，有面糊……,1434,12.27632689
771,不健康,负面,吃完牛蛙taco拉肚子,- 吃完牛蛙taco拉肚子,1405,7.000054121
772,牛蛙有骨头,负面,吃了一口 牛蛙腿掉了,- 吃了一口 牛蛙腿掉了,1407,7.989330053
773,牛蛙肉量多,正面,牛蛙腿好大,- 吃了牛蛙塔可，牛蛙腿好大,1413,6.74360323
774,牛蛙味道差,负面,炸牛蛙太难吃了,- 炸牛蛙太难吃了,1406,7.365284681
775,综合评价好,正面,牛蛙塔可真好吃,- 服务态度非常好哈哈哈 牛蛙塔可真好吃 前台服务人员的态度真的超级棒 超级友善 为了她们我也想天天来吃饭 薯条又香又脆 可乐巨好喝 后厨的各位工作人员真的超级棒 出餐速度超级快 食物干净又卫生  每天都想来着吃饭 人间美味就在肯德基 亲朋好友们快来尝尝 最后一句 新品牛蛙塔可好吃到哭,1583,16.64931774
776,出餐速度快,正面,出餐速度超级快,- 服务态度非常好哈哈哈 牛蛙塔可真好吃 前台服务人员的态度真的超级棒 超级友善 为了她们我也想天天来吃饭 薯条又香又脆 可乐巨好喝 后厨的各位工作人员真的超级棒 出餐速度超级快 食物干净又卫生  每天都想来着吃饭 人间美味就在肯德基 亲朋好友们快来尝尝 最后一句 新品牛蛙塔可好吃到哭,1583,16.64931774
777,卫生,正面,食物干净又卫生,- 服务态度非常好哈哈哈 牛蛙塔可真好吃 前台服务人员的态度真的超级棒 超级友善 为了她们我也想天天来吃饭 薯条又香又脆 可乐巨好喝 后厨的各位工作人员真的超级棒 出餐速度超级快 食物干净又卫生  每天都想来着吃饭 人间美味就在肯德基 亲朋好友们快来尝尝 最后一句 新品牛蛙塔可好吃到哭,1583,16.64931774
778,综合评价好,正面,新品牛蛙塔可好吃到哭,- 服务态度非常好哈哈哈 牛蛙塔可真好吃 前台服务人员的态度真的超级棒 超级友善 为了她们我也想天天来吃饭 薯条又香又脆 可乐巨好喝 后厨的各位工作人员真的超级棒 出餐速度超级快 食物干净又卫生  每天都想来着吃饭 人间美味就在肯德基 亲朋好友们快来尝尝 最后一句 新品牛蛙塔可好吃到哭,1583,16.64931774
779,综合评价好,正面,塔可很好吃很喜欢,- 塔可很好吃很喜欢,1406,4.413490057
780,综合评价差,负面,差评,- 差评，出餐速度太慢了，一个塔可等了20多分钟,1417,12.27722597
781,出餐速度慢,负面,出餐速度太慢了，一个塔可等了20多分钟,- 差评，出餐速度太慢了，一个塔可等了20多分钟,1417,12.27722597
782,份量小,负面,蛙腿塔太小了 超级小,- 蛙腿塔太小了 超级小,1408,5.624612093
783,综合评价好,正面,牛蛙塔可很好吃，下次还来,- 牛蛙塔可很好吃，下次还来,1409,6.097226858
784,出餐速度慢,负面,牛蛙塔可出餐速度太慢了,- 牛蛙塔可出餐速度太慢了,1411,9.366644859
785,味道好,正面,塔可好吃,- 塔可好吃,1398,5.611958027
786,综合评价好,正面,牛蛙塔可真不错,- 牛蛙塔可真不错,1402,4.803568125
787,综合评价差,负面,牛蛙塔可不好吃,- 牛蛙塔可不好吃…,1403,5.535420895
788,综合评价好,正面,新品太给力，鸡肉夹牛蛙腿，口口都是肉,- 新品太给力，鸡肉夹牛蛙腿，口口都是肉，我家小青年说天天有这个吃就幸福了,1441,10.42058706
789,份量大,正面,口口都是肉,- 新品太给力，鸡肉夹牛蛙腿，口口都是肉，我家小青年说天天有这个吃就幸福了,1441,10.42058706
790,出餐速度慢,负面,我245号一个塔可，等了十分钟,- 我245号一个塔可，等了十分钟，当着我的面先把246号250号的塔可配了，差点就没塔可配245号餐，配餐人员能不能不要搞人心态？,1455,14.05021906
791,商品错配,负面,当着我的面先把246号250号的塔可配了，差点就没塔可配245号餐,- 我245号一个塔可，等了十分钟，当着我的面先把246号250号的塔可配了，差点就没塔可配245号餐，配餐人员能不能不要搞人心态？,1455,14.05021906
792,综合评价好,正面,牛蛙塔可好吃！力荐！,- 牛蛙塔可好吃！力荐！,1407,7.084401846
793,综合评价好,正面,好吃,- 好吃，薯条是现炸的很脆，第一次吃牛蛙不太爱,1428,12.00772977
794,牛蛙味道一般,中性,第一次吃牛蛙不太爱,- 好吃，薯条是现炸的很脆，第一次吃牛蛙不太爱,1428,12.00772977
795,味道好,正面,牛蛙塔可很好吃,- 牛蛙塔可很好吃，咖啡苦死我了,1416,8.00324297
796,放置时间久,负面,塔可都放时间长了,- 塔可都放时间长了一点也不脆，软踏踏的吃起来,1420,15.73003793
797,口感差,负面,一点也不脆，软踏踏的吃起来,- 塔可都放时间长了一点也不脆，软踏踏的吃起来,1420,15.73003793
798,商品漏配,负面,我点的和我实际收到的，少了一个牛蛙塔,- 我点的和我实际收到的，少了一个牛蛙塔,1414,7.960077047
799,综合评价好,正面,不错啊，很喜欢新品牛蛙塔可,- 不错啊，很喜欢新品牛蛙塔可,1412,6.268054008
800,鸡排口感硬,负面,鸡排没有完全自然解冻，导致炸出来肉吃上去是咯吱咯吱有韧性的,- 牛蛙塔可的鸡排没有完全自然解冻，导致炸出来肉吃上去是咯吱咯吱有韧性的，半生不熟的，太失败了,1458,23.03525996
801,整体不熟,负面,鸡排半生不熟的,- 牛蛙塔可的鸡排没有完全自然解冻，导致炸出来肉吃上去是咯吱咯吱有韧性的，半生不熟的，太失败了,1458,23.03525996
802,综合评价差,负面,太失败了,- 牛蛙塔可的鸡排没有完全自然解冻，导致炸出来肉吃上去是咯吱咯吱有韧性的，半生不熟的，太失败了,1458,23.03525996
803,综合评价好,正面,今日牛蛙塔可很不错,- 今日牛蛙塔可很不错，店员服务态度非常不错，店内卫生干净,1426,7.144888163
804,综合评价好,正面,牛蛙塔可还不错,- 牛蛙塔可还不错,1402,6.633360863
805,出餐速度慢,负面,叫号取餐到前台，却告诉大塔可没做好，还要再等。又过了差不多20分钟,- 叫号取餐到前台，却告诉大塔可没做好，还要再等。又过了差不多20分钟，去问，却告诉没有了，那一开始就告诉没有不就好了！然后让换两个小的，不同意，就说给退了吧，然后未告知就把整单都退了，合着白等半个多小时！第一次差评，体验感太差！,1520,22.11841202
806,商品售罄,负面,去问，却告诉没有了，那一开始就告诉没有不就好了！,- 叫号取餐到前台，却告诉大塔可没做好，还要再等。又过了差不多20分钟，去问，却告诉没有了，那一开始就告诉没有不就好了！然后让换两个小的，不同意，就说给退了吧，然后未告知就把整单都退了，合着白等半个多小时！第一次差评，体验感太差！,1520,22.11841202
807,综合评价差,负面,第一次差评，体验感太差！,- 叫号取餐到前台，却告诉大塔可没做好，还要再等。又过了差不多20分钟，去问，却告诉没有了，那一开始就告诉没有不就好了！然后让换两个小的，不同意，就说给退了吧，然后未告知就把整单都退了，合着白等半个多小时！第一次差评，体验感太差！,1520,22.11841202
808,整体不熟,负面,牛蛙不熟,- 牛蛙不熟，有股味道，吃了一口，全扔了，牛蛙这种容易有寄生虫的一定要炸熟,1444,23.15488219
809,牛蛙味道差,负面,有股味道,- 牛蛙不熟，有股味道，吃了一口，全扔了，牛蛙这种容易有寄生虫的一定要炸熟,1444,23.15488219
810,综合评价差,负面,吃了一口，全扔了,- 牛蛙不熟，有股味道，吃了一口，全扔了，牛蛙这种容易有寄生虫的一定要炸熟,1444,23.15488219
811,整体不熟,负面,牛蛙不熟,- 牛蛙不熟，有股味道，吃了一口，全扔了，牛蛙这种容易有寄生虫的一定要炸熟,1444,20.87863684
812,味道差,负面,有股味道,- 牛蛙不熟，有股味道，吃了一口，全扔了，牛蛙这种容易有寄生虫的一定要炸熟,1444,20.87863684
813,综合评价差,负面,吃了一口，全扔了,- 牛蛙不熟，有股味道，吃了一口，全扔了，牛蛙这种容易有寄生虫的一定要炸熟,1444,20.87863684
814,不健康,负面,牛蛙这种容易有寄生虫的一定要炸熟,- 牛蛙不熟，有股味道，吃了一口，全扔了，牛蛙这种容易有寄生虫的一定要炸熟,1444,20.87863684
815,综合评价好,正面,K记新品牛蛙塔可青年的牛蛙腿肉真的很蛙噻～牛蛙爱好者必冲！,- K记新品牛蛙塔可青年的牛蛙腿肉真的很蛙噻～牛蛙爱好者必冲！,1441,15.15233612
816,牛蛙味道好,正面,牛蛙腿肉真的很蛙噻,- K记新品牛蛙塔可青年的牛蛙腿肉真的很蛙噻～牛蛙爱好者必冲！,1441,15.15233612
817,酱料太少,负面,汉堡里面酱特别少,- 汉堡里面酱特别少，塔克那么小一点点，难吃死了,1424,14.93237495
818,份量小,负面,塔克那么小一点点,- 汉堡里面酱特别少，塔克那么小一点点，难吃死了,1424,14.93237495
819,味道差,负面,难吃死了,- 汉堡里面酱特别少，塔克那么小一点点，难吃死了,1424,14.93237495